scenario,fillId,fillTimeUtc,fillDate,crashClusterId,clusterFillOrdinal,clusterFillCount,sameCrashContinuousMultiLevelFill,baselineTargetExposure,baselineTargetContracts,thresholdDrop,bonusExposure,limitPrice,intendedPrice,effectivePrice,contracts,contractsAfter,exposureAfter,lotOpened,positionEffect,dayClose,oneDayReturn,threeDayReturn,sevenDayReturn,closedLotMarkToMarketPnlBtc,closedLotFundingPnlBtc,markToMarketPnlBtc,btcPnlBtc,relativeBaselineIncrementalPnlBtc,relativeBaselinePriceAdvantageBtc,feeBtc,fundingPnlBtc,slippageBtc,baselineCounterfactualEffectivePrice,sameCrashClusterMultipleFills,clusterMarginalEndingBtc,clusterTopRank
"curve_mild","curve_mild:maker-fill:0","2024-01-03T12:25:33.889Z","2024-01-03","crash-2024-01-03","1","2","false","1.25","114","-0.05","0.05","42743.255","42743.255","42764.626627499994","14","128","1.2989918498720658","true","open_or_increase","42859.0044669","0.031248265381299767","0.02633425037185977","0.08891629664154088","0","0","0.000011295041683322815","-0.000052190753907304586","0.0016450511917894645","0.001636866857501952","0.000006547467430007788","-0.0000634857955906274","0.000016368668575017102","45015.39645","true","0.0024340833601124157","13"
"curve_mild","curve_mild:maker-fill:1","2024-01-03T12:37:54.106Z","2024-01-03","crash-2024-01-03","2","2","true","1.25","114","-0.1","0.1","40493.61","40493.61","40513.856804999996","12","140","1.351031289945982","true","open_or_increase","42859.0044669","0.031248265381299767","0.02633425037185977","0.08891629664154088","0","0","0.001569381741376849","0.0015149653451563111","0.0029678734507735402","0.0029619495516701945","0.000005923899103340379","-0.00005441639622053778","0.00001480974775834587","45015.39645","true","0.0024340833601124157","13"
"curve_mild","curve_mild:maker-fill:2","2024-01-09T21:39:44.704Z","2024-01-09","crash-2024-01-09","1","1","false","1.1867636715031318","90","-0.05","0.05","44643.825","44643.825","44666.14691249999","17","107","1.2359049183440052","true","open_or_increase","46125.69624676","0.011797592651367816","-0.07250504681552472","-0.06488210580604992","0","0","-0.001679467214203409","-0.0017167199273136465","0.0019125222546584537","0.001903007218565627","0.000007612028874262483","-0.000037252713110237556","0.000019030072185653504","47016.99675","false","0.0021906836672005436","14"
"curve_mild","curve_mild:maker-fill:3","2024-01-12T16:28:23.472Z","2024-01-12","crash-2024-01-12","1","2","false","1.25","119","-0.05","0.05","44042.66499999999","44042.66499999999","44064.686332499994","14","133","1.298943805510054","true","open_or_increase","42781.35048099","0.0013283768532565965","-0.0065876107577582665","-0.02712454586807944","0","0","-0.0018168080000653443","-0.0018919601269513481","0.0015965165272971214","0.001588573659002115","0.000006354294636008461","-0.00007515212688600381","0.000015885736590022715","46383.88034999999","true","-0.0003864940597737565","35"
"curve_mild","curve_mild:maker-fill:4","2024-01-12T22:35:59.257Z","2024-01-12","crash-2024-01-12","2","2","true","1.25","119","-0.1","0.1","41724.63","41724.63","41745.492314999996","12","145","1.3498426943246247","true","open_or_increase","42781.35048099","0.0013283768532565965","-0.0065876107577582665","-0.02712454586807944","0","0","-0.00004358024212114476","-0.00010799635088057659","0.002880310982864979","0.002874561859146684","0.000005749123718293369","-0.00006441610875943183","0.00001437280929572919","46383.88034999999","true","-0.0003864940597737565","35"
"curve_mild","curve_mild:maker-fill:5","2024-01-22T19:36:56.327Z","2024-01-22","crash-2024-01-22","1","1","false","1","0","-0.05","0.05","39484.564999999995","39484.564999999995","39504.30728249999","20","20","1.0508309931846866","true","open_or_increase","39519.35533313","0.008746998241649262","0.010382077533690026","0.09552576213724895","0","0","0.00002940504399965877","0.000024342714062305102","0.0025440263837893107","0.0025313695361087645","0.00001012547814443505","-0.000005062329937353667","0.000025313695361083174","41583.481349999995","false","0.00009172377410404664","32"
"curve_mild","curve_mild:maker-fill:6","2024-03-05T16:35:58.334Z","2024-03-05","crash-2024-03-05","1","2","false","1.1432325585208734","108","-0.05","0.05","64945.03999999999","64945.03999999999","64977.51251999999","30","138","1.1935774000076138","true","open_or_increase","63799.8108138","0.0362649497697185","0.07049405221899474","0.12034238257943652","0","0","-0.00083073475236192","-0.0008383785411957108","0.0023200334108450208","0.002308490956064696","0.000009233963824258751","-0.000007643788833790856","0.00002308490956064437","68397.3816","true","0.0006595606388213326","23"
"curve_mild","curve_mild:maker-fill:7","2024-03-05T19:31:03.335Z","2024-03-05","crash-2024-03-05","2","2","true","1.1432325585208734","108","-0.1","0.1","61526.88","61526.88","61557.64343999999","24","162","1.2424827153645879","true","open_or_increase","63799.8108138","0.0362649497697185","0.07049405221899474","0.12034238257943652","0","0","0.0023766709370074347","0.0023194858124015237","0.003906582295249735","0.003898784725798141","0.000007797569451596278","-0.00005718512460591118","0.00001949392362899174","68397.3816","true","0.0006595606388213326","23"
"curve_mild","curve_mild:maker-fill:8","2024-03-14T18:38:36.513Z","2024-03-14","crash-2024-03-14","1","3","false","1.0006997995219449","1","-0.05","0.05","69465.71","69465.71","69500.442855","38","39","1.0512086726094927","true","open_or_increase","71367.84171405","-0.02642291754170767","-0.04224708644322672","-0.08236782622771577","0","0","0.0014960442969590862","0.0014784316700012917","0.002747464507505119","0.002733795529855835","0.000010935182119423345","-0.000017612626957794475","0.0000273379552985523","73158.3609","true","0.0025501693219738275","11"
"curve_mild","curve_mild:maker-fill:9","2024-03-15T02:39:05.778Z","2024-03-15","crash-2024-03-14","2","3","false","0.9825731071395963","-14","-0.05","0.05","67847.95499999999","67847.95499999999","67881.87897749999","38","24","1.0321928661722488","true","open_or_increase","69482.09511731","-0.0608853006975042","-0.026972896368277377","-0.08155193985246334","0.0010317186420725603","0","0.0019056149012896338","0.0018840663888933789","0.0028129745799065375","0.0027989796814990495","0.000011195918725996201","-0.00002154851239625491","0.000027989796814990948","71454.60944999999","true","0.0025501693219738275","11"
"curve_mild","curve_mild:maker-fill:10","2024-03-16T21:39:12.126Z","2024-03-16","crash-2024-03-14","3","3","false","0.974806828935161","-19","-0.05","0.05","66088.27","66088.27","66121.314135","37","18","1.0247378429711953","true","open_or_increase","65251.656863","0.04752525256793039","-0.05131115242697404","-0.01903842798824651","0.0014374714302553228","0.00001714331469172361","0.0011162842321671067","0.0011194199118558542","0.002811876963310166","0.002797887525681746","0.00001119155010272695","0.0000031356796887477195","0.000027978875256806616","69601.3833","true","0.0025501693219738275","11"
"curve_mild","curve_mild:maker-fill:11","2024-03-19T07:30:14.499Z","2024-03-19","crash-2024-03-19","1","1","false","0.8853339125644464","-85","-0.05","0.05","64257.715","64257.715","64289.8438575","39","-46","0.9351492550822755","false","reduce_or_close","61903.51915159","0.09627846333429191","0.030889622271836448","0.13071215943741987","0.0009852105823225238","0.00008004565979057402","0.0009852105823225238","0.001065256242113098","0.0030483041836963124","0.0030331384912401114","0.000012132553964960453","0.00008004565979057402","0.000030331384912398007","67673.51985","false","-0.0030155971485361643","41"
"curve_mild","curve_mild:maker-fill:12","2024-04-02T02:36:36.331Z","2024-04-02","crash-2024-04-02","1","1","false","0.7814974335677035","-165","-0.05","0.05","66230.2","66230.2","66263.31509999999","43","-122","0.8314935660947673","false","reduce_or_close","65461.65910502","0.008041754694537273","0.03658788576252747","0.05612779566930115","-0.004484966482788246","0.0005994329544824606","-0.004484966482788246","-0.0038855335283057854","0.0032608540588999267","0.003244630904378038","0.00001297852361751216","0.0005994329544824606","0.00003244630904377608","69750.858","false","-0.0008583602825886771","39"
"curve_mild","curve_mild:maker-fill:13","2024-04-12T18:30:51.025Z","2024-04-12","crash-2024-04-12","1","6","false","0.8412883470944986","-120","-0.05","0.05","66511.875","66511.875","66545.1309375","41","-79","0.8911739764207366","false","reduce_or_close","67162.54314395","-0.046640628201586654","-0.055546612705300036","-0.049536915584020735","0.0014270366687243081","0.0006115688336954211","0.0014270366687243081","0.0020386055024197293","0.0030960191541812474","0.003080616073812194","0.000012322464295248801","0.0006115688336954211","0.00003080616073812104","70047.50624999999","true","0.010743758325123753","2"
"curve_mild","curve_mild:maker-fill:14","2024-04-13T19:39:27.495Z","2024-04-13","crash-2024-04-12","2","6","true","0.830970821694722","-124","-0.05","0.05","63764","63764","63795.882","41","-83","0.881661800311178","false","reduce_or_close","64030.0399401","0.026720695588985377","-0.0031754295179295955","0.014849955902096923","0.0020396408457468386","0.0001690798146802017","0.0020396408457468386","0.0022087206604270403","0.0032294404206215147","0.0032133735528572255","0.000012853494211428882","0.0001690798146802017","0.000032133735528568714","67153.56","true","0.010743758325123753","2"
"curve_mild","curve_mild:maker-fill:15","2024-04-13T20:37:55.222Z","2024-04-13","crash-2024-04-12","3","6","true","0.830970821694722","-124","-0.1","0.1","60408","60408","60438.204","37","-46","0.9312210825579829","false","reduce_or_close","64030.0399401","0.026720695588985377","-0.0031754295179295955","0.014849955902096923","0.006744553712681163","0.00010067536729742303","0.006744553712681163","0.006845229079978586","0.006134199487463253","0.006121955576310637","0.000012243911152621281","0.00010067536729742303","0.00003060977788155823","67153.56","true","0.010743758325123753","2"
"curve_mild","curve_mild:maker-fill:16","2024-04-15T19:18:01.967Z","2024-04-15","crash-2024-04-12","4","6","true","0.8142416380222617","-134","-0.05","0.05","62380.895000000004","62380.895000000004","62412.0854475","40","-94","0.8640307251407242","false","reduce_or_close","63431.89137163","0.006224403546424728","0.0012480428473462535","0.0538610898494829","0.004570801487871245","-0.000010101876817300509","0.004570801487871245","0.004560699611053945","0.003220530103405657","0.0032045075655777687","0.000012818030262311081","-0.000010101876817300509","0.00003204507565577545","65696.93205","true","0.010743758325123753","2"
"curve_mild","curve_mild:maker-fill:17","2024-04-17T15:30:33.791Z","2024-04-17","crash-2024-04-12","5","6","true","0.8629885886315022","-97","-0.05","0.05","60617.69499999999","60617.69499999999","60648.00384749999","38","-59","0.9125187800215144","false","reduce_or_close","61278.82927076","0.03642739010771434","0.06041326152793336","0.048754817457415056","0.003279455835161437","0.000003152193886424702","0.003279455835161437","0.003282608029047862","0.0031484960408613783","0.0031328318814541176","0.000012531327525816475","0.000003152193886424702","0.00003132831881454208","63840.004049999996","true","0.010743758325123753","2"
"curve_mild","curve_mild:maker-fill:18","2024-04-19T02:09:50.006Z","2024-04-19","crash-2024-04-12","6","6","true","0.9157346233711877","-59","-0.05","0.05","60300.299999999996","60300.299999999996","60330.45014999999","36","-23","0.9656472616718219","false","reduce_or_close","63835.51791382","0.017942445416457398","0.04719761594740235","-0.0013972456582933557","0.0017585992601609022","-0.000026488161775758718","0.0017585992601609022","0.0017321110983851435","0.0029984858317852396","0.0029835679918261016","0.000011934271967304393","-0.000026488161775758718","0.00002983567991825687","63505.736999999994","true","0.010743758325123753","2"
"curve_mild","curve_mild:maker-fill:19","2024-04-30T14:09:50.849Z","2024-04-30","crash-2024-04-30","1","2","false","1","0","-0.05","0.05","60646.19499999999","60646.19499999999","60676.51809749999","34","34","1.050591813372769","true","open_or_increase","60620.27817103","-0.0388572460263914","0.03788995714436805","0.028022853909499545","0","0","-0.00003903328123848362","-0.000044643471984969004","0.002815751551950684","0.002801742837761887","0.00001120697135104754","-0.000005610190746485381","0.000028017428377625093","63870.019049999995","true","0.0007570204274043313","21"
"curve_mild","curve_mild:maker-fill:20","2024-05-01T07:35:03.847Z","2024-05-01","crash-2024-04-30","2","2","false","1","0","-0.05","0.05","57573.799999999996","57573.799999999996","57602.586899999995","32","32","1.0501631426058964","true","open_or_increase","58264.74110795","0.014236619622374214","0.09672242451002755","0.04993521146896529","0","0","0.0013802951114629805","0.001373149354048122","0.0027915412944761182","0.0027776530293294817","0.000011110612117317947","-0.0000071457574148585985","0.00002777653029330295","60634.301999999996","true","0.0007570204274043313","21"
"curve_mild","curve_mild:maker-fill:21","2024-06-11T15:38:59.766Z","2024-06-11","crash-2024-06-11","1","1","false","1.25","195","-0.05","0.05","66051.695","66051.695","66084.72084750001","24","219","1.2992645005411272","true","open_or_increase","67322.26980566","0.01365071173183674","-0.01966820778372924","-0.03219395285150939","0","0","-0.0005282949639440029","-0.000596274171438852","0.0018249301571281696","0.0018158509026150993","0.000007263403610460412","-0.00006797920749484914","0.000018158509026154938","69562.86405","false","0.0006636829226285279","22"
"curve_mild","curve_mild:maker-fill:22","2024-06-24T16:38:14.957Z","2024-06-24","crash-2024-06-24","1","1","false","1","0","-0.05","0.05","59995.825","59995.825","60025.82291249999","33","33","1.049835330169397","true","open_or_increase","60269.41406789","0.02525826533712805","0.022393269983672415","0.04272416140763302","0","0","0.0002174940495235984","0.00021814377858192779","0.0027625610437981645","0.0027488169590031562","0.00001099526783601261","6.497290583293812e-7","0.000027488169590033238","63185.07674999999","false","0.00016385868484691812","30"
"curve_mild","curve_mild:maker-fill:23","2024-07-04T08:39:47.646Z","2024-07-04","crash-2024-07-04","1","2","false","1","0","-0.05","0.05","57123.5","57123.5","57152.06174999999","32","32","1.050749378885742","true","open_or_increase","57036.24421208","-0.0069567079978937185","-0.020883090867819254","0.0054041218226763554","0","0","-0.00011379160131689756","-0.00012491486152103076","0.002813546792124262","0.0027995490468898086","0.000011198196187559237","-0.000011123260204133202","0.000027995490468890605","60160.064999999995","true","0.0027959999326869767","8"
"curve_mild","curve_mild:maker-fill:24","2024-07-05T04:31:22.548Z","2024-07-05","crash-2024-07-04","2","2","false","0.75","-157","-0.05","0.05","54157.314999999995","54157.314999999995","54184.39365749999","36","-121","0.8001285424287428","false","reduce_or_close","56639.4597158","0.028280722598297725","0.0011320839974768848","0.022295679828805426","0.0033236507385936754","0","0.0033236507385936754","0.0033236507385936754","0.003338599692440433","0.003321989743721819","0.000013287958974887235","0","0.00003321989743720904","57036.20384999999","true","0.0027959999326869767","8"
"curve_mild","curve_mild:maker-fill:25","2024-08-02T20:39:31.284Z","2024-08-02","crash-2024-08-02","1","5","false","1.25","178","-0.05","0.05","62025.5","62025.5","62056.512749999994","22","200","1.300254974153967","true","open_or_increase","61416.19026397","-0.012007811165757665","-0.12056699398015291","-0.009102827394814383","0","0","-0.0007995749503175203","-0.0008086664604380902","0.001781440740077672","0.0017725778508235577","0.0000070903114032942504","-0.000009091510120569907","0.000017725778508232445","65322.645","true","0.013049137723235349","1"
"curve_mild","curve_mild:maker-fill:26","2024-08-04T17:32:37.454Z","2024-08-04","crash-2024-08-02","2","5","true","1","0","-0.05","0.05","57625.19499999999","57625.19499999999","57654.00759749999","31","31","1.0503791505710742","true","open_or_increase","58126.22600575","-0.07079078526813276","-0.05164832697228661","0.010267178087580708","0","0","0.000471112037000266","0.0004751233957292996","0.0027018937016054915","0.002688451444383573","0.000010753805777534269","0.00000401135872903358","0.000026884514443838883","60688.42905","true","0.013049137723235349","1"
"curve_mild","curve_mild:maker-fill:27","2024-08-05T01:25:06.421Z","2024-08-05","crash-2024-08-02","3","5","true","0.75","-155","-0.05","0.05","55227.585","55227.585","55255.1987925","36","-119","0.8008521726749813","false","reduce_or_close","54011.42482213","0.03793148180272743","0.1423426786610147","0.09902395071678605","0.0032592408304654356","0","0.0032592408304654356","0.0032592408304654356","0.00327390008457546","0.0032576120244532016","0.000013030448097812806","0","0.000032576120244533604","58163.36715","true","0.013049137723235349","1"
"curve_mild","curve_mild:maker-fill:28","2024-08-05T01:39:53.629Z","2024-08-05","crash-2024-08-02","4","5","true","0.75","-155","-0.1","0.1","52320.87","52320.87","52347.030435","33","-86","0.8497395231648692","false","reduce_or_close","54011.42482213","0.03793148180272743","0.1423426786610147","0.09902395071678605","0.006307234570067357","0","0.006307234570067357","0.006307234570067357","0.006316690693860556","0.006304082528802953","0.000012608165057605908","0","0.000031520412644012584","58163.36715","true","0.013049137723235349","1"
"curve_mild","curve_mild:maker-fill:29","2024-08-05T06:37:01.285Z","2024-08-05","crash-2024-08-02","5","5","true","0.75","-155","-0.15","0.2","49414.155","49414.155","49438.862077499994","59","-27","0.9504843082971122","false","reduce_or_close","54011.42482213","0.03793148180272743","0.1423426786610147","0.09902395071678605","0.017909847896822286","0","0.017909847896822286","0.017909847896822286","0.017918798345546334","0.017900897448098238","0.000023867863264130973","0","0.000059669658160320935","58163.36715","true","0.013049137723235349","1"
"curve_mild","curve_mild:maker-fill:30","2024-08-27T21:38:26.572Z","2024-08-27","crash-2024-08-27","1","1","false","0.8670780452988767","-88","-0.05","0.05","59665.225","59665.225","59695.05761249999","35","-53","0.9166024252334163","false","reduce_or_close","59435.02074767","-0.006842609029894975","-0.0054552364306647005","-0.03279700031494348","-0.006134261147685288","0.00006834605212381897","-0.006134261147685288","-0.006065915095561469","0.002946223808705586","0.002931565978811538","0.000011726263915246173","0.00006834605212381897","0.000029315659788119294","62836.902749999994","false","-0.00041051128087055133","37"
"curve_mild","curve_mild:maker-fill:31","2024-09-06T18:38:32.563Z","2024-09-06","crash-2024-09-06","1","1","false","0.75","-152","-0.05","0.05","53329.2","53329.2","53355.86459999999","35","-117","0.7996610650932319","false","reduce_or_close","53951.22108114","0.003701160092367317","0.057525856929583785","0.12240640780248402","0.005832372345580766","0.00007158137443041504","0.005832372345580766","0.005903953720011181","0.0032962637063143137","0.003279864384392351","0.00001311945753756936","0.00007158137443041504","0.00003279864384392114","56164.068","false","0.0007610482398763274","20"
"curve_mild","curve_mild:maker-fill:32","2024-10-01T20:39:29.828Z","2024-10-01","crash-2024-10-01","1","1","false","1","0","-0.05","0.05","60121.51","60121.51","60151.570755","31","31","1.0496812579040153","true","open_or_increase","60810.09110703","-0.0028673316595285714","0.020920307790213588","0.02166291420500288","0","0","0.0005469580440437767","0.0005514553587556019","0.002589707933554704","0.0025768238144822913","0.00001030729525792913","0.00000449731471182514","0.000025768238144823334","63317.4429","false","0.0006334724445640205","24"
"curve_mild","curve_mild:maker-fill:33","2024-11-25T22:10:52.002Z","2024-11-25","crash-2024-11-25","1","1","false","1.0220042255169748","21","-0.05","0.05","93165.265","93165.265","93211.8476325","45","66","1.0715004875087928","true","open_or_increase","93007.39097731","-0.011686440561107347","0.028463688857973013","0.030648573534499235","0","0","-0.0000741817023506904","-0.00007970798504483987","0.0024259255206648","0.0024138562394674613","0.000009655424957869827","-0.000005526282694149477","0.000024138562394673547","98117.73435","false","-0.0003414657376374919","33"
"curve_mild","curve_mild:maker-fill:34","2024-12-05T22:32:05.923Z","2024-12-05","crash-2024-12-05","1","1","false","0.975937949994868","-23","-0.05","0.05","93835.015","93835.015","93881.9325075","47","24","1.025857475437577","true","open_or_increase","97065.46928786","0.029079349932046528","0.04240543148545606","0.030686452476900827","0.00040619370613539246","0.00007377499058651679","0.001254065164724846","0.0013253675701065928","0.0025156597621287034","0.002503144041919104","0.000010012576167676414","0.00007130240538174699","0.00002503144041918929","98823.08684999999","false","0.0027628056112150023","9"
"curve_mild","curve_mild:maker-fill:35","2024-12-09T20:38:30.503Z","2024-12-09","crash-2024-12-09","1","1","false","1.0725635541780025","73","-0.05","0.05","96189.4","96189.4","96237.4947","43","116","1.1223204641541398","true","open_or_increase","97410.50602272","-0.007755967080324888","0.027035668770427623","0.08900645478741054","0","0","0.0013642440858602453","0.001286391072811924","0.0022452267764613747","0.0022340564939914206","0.000008936225975965686","-0.00007785301304832115","0.000022340564939913622","101302.62599999999","false","0.0007817005966694879","19"
"curve_mild","curve_mild:maker-fill:36","2024-12-18T20:35:29.715Z","2024-12-18","crash-2024-12-18","1","2","false","1.25","265","-0.05","0.05","100862.64","100862.64","100913.07131999999","34","299","1.3002106876595265","true","open_or_increase","100153.0940788","-0.02773571348314441","-0.02927880855396081","-0.007874439515463183","0","0","-0.002684630442317498","-0.002814186517685181","0.001693041325223637","0.0016846182340533695","0.000006738472936213474","-0.00012955607536768287","0.00001684618234053191","106224.28559999999","true","0.0025504732258918583","10"
"curve_mild","curve_mild:maker-fill:37","2024-12-20T11:39:45.708Z","2024-12-20","crash-2024-12-18","2","2","false","1.223815428539669","213","-0.05","0.05","92524.015","92524.015","92570.2770075","32","245","1.273886423784868","true","open_or_increase","97762.83759575","-0.005545121212741533","-0.03070175795460428","-0.036760953259055484","0","0","0.00033258830976324374","0.00022673672413239031","0.001737058645584164","0.0017284165627703182","0.000006913666251081301","-0.00010585158563085342","0.000017284165627706","97442.39684999999","true","0.0025504732258918583","10"
"curve_mild","curve_mild:maker-fill:38","2025-01-07T15:39:30.457Z","2025-01-07","crash-2025-01-07","1","1","false","1.25","250","-0.05","0.05","97125.81499999999","97125.81499999999","97174.37790749998","31","281","1.299966407234","true","open_or_increase","96940.88443108","-0.019478220590017914","-0.023096574842494055","-0.004266051489493328","0","0","-0.0008264745219114073","-0.0008271164729326458","0.0016030460225665937","0.0015950706692204873","0.000006380282676881928","-6.419510212384322e-7","0.00001595070669220046","102288.81885","false","-0.0004063039102950583","36"
"curve_mild","curve_mild:maker-fill:39","2025-01-13T14:13:05.186Z","2025-01-13","crash-2025-01-13","1","1","false","1","0","-0.05","0.05","89735.86","89735.86","89780.72793","43","43","1.0500278244158363","true","open_or_increase","94503.63979334","0.021413882446701393","0.05794835506511298","0.08083811087695669","0","0","0.002403533864118142","0.0023943123175234884","0.0024066969045792356","0.002394723288138532","0.000009578893152554105","-0.000009221546594653377","0.00002394723288137585","94506.0294","false","0.0041390798871421275","5"
"curve_mild","curve_mild:maker-fill:40","2025-02-03T01:35:36.531Z","2025-02-03","crash-2025-02-03","1","2","false","1.25","232","-0.05","0.05","92733.48999999999","92733.48999999999","92779.85674499998","29","261","1.2999255862758492","true","open_or_increase","101447.07401212","-0.03586856756149803","-0.04814100109320596","-0.0393628563925158","0","0","0.0012147437531510328","0.0012095947930918407","0.001570653427505469","0.0015628392313487215","0.000006251356925394874","-0.0000051489600591919514","0.00001562839231348196","97663.00709999999","true","0.00445808197729658","4"
"curve_mild","curve_mild:maker-fill:41","2025-02-04T22:07:12.168Z","2025-02-04","crash-2025-02-03","2","2","false","1.25","244","-0.05","0.05","96312.9","96312.9","96361.05644999999","30","274","1.2995272444476282","true","open_or_increase","97808.312784","-0.01210590839313297","-0.012987026761776321","-0.020889988162889894","0","0","0.00005433481772815495","0.000040160444103800204","0.0015644286764147463","0.0015566454491689015","0.000006226581796675602","-0.000014174373624354744","0.0000155664544916882","101432.69099999999","true","0.00445808197729658","4"
"curve_mild","curve_mild:maker-fill:42","2025-02-24T23:38:21.144Z","2025-02-24","crash-2025-02-24","1","4","false","1","0","-0.05","0.05","91425.52999999998","91425.52999999998","91471.24276499997","43","43","1.0494789370479565","true","open_or_increase","91531.99677074","-0.03234262482315198","-0.0753846167212181","-0.05872441833278441","0","0","0.00004346585927335729","0.00003876717717495789","0.002362217823530858","0.002350465496050601","0.000009401861984202378","-0.000004698682098399402","0.00002350465496049421","96285.51869999999","true","0.0035552557381486327","7"
"curve_mild","curve_mild:maker-fill:43","2025-02-25T10:38:09.897Z","2025-02-25","crash-2025-02-24","2","4","false","1","0","-0.05","0.05","86934.595","86934.595","86978.0622975","41","41","1.0496168817043534","true","open_or_increase","88571.61173987","-0.05049949886952987","-0.04817253827683665","-0.014931030384024213","0","0","0.0008678437199670851","0.0008585069905143382","0.002368700733931174","0.0023569161531653516","0.000009427664612661407","-0.000009336729452746868","0.00002356916153165039","91555.85505","true","0.0035552557381486327","7"
"curve_mild","curve_mild:maker-fill:44","2025-02-26T18:34:15.175Z","2025-02-26","crash-2025-02-24","3","4","false","1","0","-0.05","0.05","84136.08499999999","84136.08499999999","84178.15304249998","40","40","1.0499758295488029","true","open_or_increase","84098.78973294","0.006339003750266858","0.022888785544389778","0.07742514333877049","0","0","0.0004026270541869553","0.0003778856261399373","0.002387792945498819","0.002375913378605785","0.000009503653514423094","-0.000024741428047017982","0.000023759133786054596","88608.58215","true","0.0035552557381486327","7"
"curve_mild","curve_mild:maker-fill:45","2025-02-28T02:33:53.025Z","2025-02-28","crash-2025-02-24","4","4","false","1.25","201","-0.05","0.05","80410.27999999998","80410.27999999998","80450.48513999998","26","227","1.3003356337557712","true","open_or_increase","84304.89238309","0.020388099243155766","0.02196718441955392","0.029123642002803596","0","0","0.002092473208312644","0.002087179076126514","0.0016239802627994494","0.0016159007590044274","0.000006463603036017692","-0.000005294132186129932","0.000016159007590043834","84684.72119999999","true","0.0035552557381486327","7"
"curve_mild","curve_mild:maker-fill:46","2025-03-03T14:38:07.376Z","2025-03-03","crash-2025-03-03","1","2","false","1","0","-0.05","0.05","89513.56","89513.56","89558.31678","43","43","1.0501812991026858","true","open_or_increase","86156.83350154","0.01267819124597347","0.04370157821901266","-0.08818909224715399","0","0","-0.0018802791824192272","-0.0018900521677001447","0.002412673750119581","0.0024006703981289375","0.000009602681592515747","-0.000009772985280917547","0.000024006703981286534","94271.9124","true","0.0011485972207216921","17"
"curve_mild","curve_mild:maker-fill:47","2025-03-04T15:35:08.541Z","2025-03-04","crash-2025-03-03","2","2","false","1","0","-0.05","0.05","81834.70999999999","81834.70999999999","81875.62735499999","39","39","1.0498868364033618","true","open_or_increase","87249.14631382","0.03852191581016795","-0.005604506709110835","-0.049857304877159336","0","0","0.00294042237631652","0.002942381027800672","0.002393569445889958","0.0023816611401890142","0.000009526644560756052","0.0000019586514841520117","0.000023816611401885517","86184.8709","true","0.0011485972207216921","17"
"curve_mild","curve_mild:maker-fill:48","2025-03-07T00:37:32.432Z","2025-03-07","crash-2025-03-07","1","2","false","1","0","-0.05","0.05","85391.795","85391.795","85434.4908975","41","41","1.0501101703580795","true","open_or_increase","86760.15788794","-0.006451752028540425","-0.0945297648533906","-0.03202009345186052","0","0","0.0007435593358189671","0.0007383012830731881","0.002411496783508407","0.0023994992870730474","0.00000959799714829219","-0.000005258052745779086","0.00002399499287073249","89931.04305000001","true","-0.00038541713198769756","34"
"curve_mild","curve_mild:maker-fill:49","2025-03-09T21:35:22.448Z","2025-03-09","crash-2025-03-07","2","2","false","1","0","-0.05","0.05","81855.70499999999","81855.70499999999","81896.63285249998","39","39","1.0496907645699973","true","open_or_increase","80705.04291789","-0.026594401987043992","0.03651373161709537","0.023034705033257774","0","0","-0.0006848967756356823","-0.0006889433202934447","0.0023929555242272306","0.002381050272862923","0.000009524201091451707","-0.000004046544657762421","0.000023810502728632002","86206.98194999999","true","-0.00038541713198769756","34"
"curve_mild","curve_mild:maker-fill:50","2025-04-06T18:33:35.923Z","2025-04-06","crash-2025-04-06","1","2","false","0.75","-196","-0.05","0.05","79284.72","79284.72","79324.36236","45","-151","0.7998425858920946","false","reduce_or_close","78357.43114501","0.009915342937444782","0.054065200333967","0.06852033902328736","0.002647590488221769","0.00005983823317379549","0.002647590488221769","0.0027074287213955644","0.002850637474698777","0.002836455198705245","0.000011345820794820947","0.00005983823317379549","0.000028364551987050314","83499.3288","true","0.004137271581085233","6"
"curve_mild","curve_mild:maker-fill:51","2025-04-07T07:18:48.543Z","2025-04-07","crash-2025-04-06","2","2","false","0.75","-187","-0.05","0.05","74407.325","74407.325","74444.52866249999","43","-144","0.7997334700961964","false","reduce_or_close","79134.37194651","-0.03640020671393018","0.005268899441595698","0.06893386478302088","0.006686955782894567","0.0000531720617769112","0.006686955782894567","0.006740127844671479","0.002902496716442298","0.0028880564342709377","0.000011552225737083735","0.0000531720617769112","0.00002888056434270282","78362.66175","true","0.004137271581085233","6"
"curve_mild","curve_mild:maker-fill:52","2025-04-10T16:15:54.848Z","2025-04-10","crash-2025-04-10","1","1","false","0.75","-195","-0.05","0.05","78428.105","78428.105","78467.3190525","45","-150","0.8003239908172358","false","reduce_or_close","79551.32299467","0.04817659024371945","0.05248417927216287","0.06796705601831743","0.004232050916607583","0.00011817845146790148","0.004232050916607583","0.004350229368075484","0.002881772981802851","0.0028674358027889163","0.000011469743211155699","0.00011817845146790148","0.000028674358027887485","82597.17794999998","false","0.0011575822910552258","16"
"curve_mild","curve_mild:maker-fill:53","2025-08-14T18:19:50.918Z","2025-08-14","crash-2025-08-14","1","1","false","1.25","300","-0.05","0.05","117180.695","117180.695","117239.2853475","37","337","1.2997041701975451","true","open_or_increase","118385.3376194","-0.007977753676695398","-0.007535222001713637","-0.04989475049139913","0","0","-0.0004985367550206116","-0.000555178123814157","0.0015858592062286422","0.0015779693594314866","0.000006311877437725952","-0.00005664136879354534","0.00001577969359431424","123409.77404999999","false","0.00017018338509489084","29"
"curve_mild","curve_mild:maker-fill:54","2025-10-10T20:27:36.130Z","2025-10-10","crash-2025-10-10","1","3","false","1.25","288","-0.05","0.05","115578.995","115578.995","115636.78449749999","35","323","1.299426896393994","true","open_or_increase","112979.89410117","-0.019535582146444352","0.02035493226981333","-0.0576342871897112","0","0","-0.001314854916657619","-0.001325252733707591","0.0015209260683290864","0.0015133592719692385","0.000006053437087876944","-0.000010397817049972076","0.000015133592719689125","121722.93105","true","0.008160489631228174","3"
"curve_mild","curve_mild:maker-fill:55","2025-10-10T21:28:10.502Z","2025-10-10","crash-2025-10-10","2","3","true","1.25","288","-0.1","0.1","109495.89000000001","109495.89000000001","109550.63794500001","29","352","1.3502754253209417","true","open_or_increase","112979.89410117","-0.019535582146444352","0.02035493226981333","-0.0576342871897112","0","0","0.00030449680227896626","0.00029588146815184656","0.0026524720024532038","0.0026471776471588843","0.000005294355294317771","-0.000008615334127119721","0.000013235888235791327","121722.93105","true","0.008160489631228174","3"
"curve_mild","curve_mild:maker-fill:56","2025-10-10T21:37:02.928Z","2025-10-10","crash-2025-10-10","3","3","true","1.25","288","-0.15","0.2","103412.785","103412.785","103464.4913925","66","418","1.4497124317491925","true","open_or_increase","112979.89410117","-0.019535582146444352","0.02035493226981333","-0.0576342871897112","0","0","0.0042386536062990355","0.00421904629414766","0.00957806863652001","0.00956850013638363","0.00001275800018184485","-0.000019607312151375908","0.00003189500045461255","121722.93105","true","0.008160489631228174","3"
"curve_mild","curve_mild:maker-fill:57","2025-11-04T17:33:31.742Z","2025-11-04","crash-2025-11-04","1","1","false","0.75","-243","-0.05","0.05","101186.495","101186.495","101237.0882475","56","-187","0.8003428365275689","false","reduce_or_close","101466.59902852","0.023889019226599695","0.018036702536719407","0.015272181823640762","0.0027671676936729533","0.00001079383309118127","0.0027671676936729533","0.0027779615267641347","0.002779613725278699","0.002765784801272327","0.000011063139205089276","0.00001079383309118127","0.000027657848012718528","106565.35605","false","0.00020756490875717404","27"
"curve_mild","curve_mild:maker-fill:58","2025-11-14T12:37:54.712Z","2025-11-14","crash-2025-11-14","1","1","false","0.75","-231","-0.05","0.05","94608.59999999999","94608.59999999999","94655.90429999998","53","-178","0.8003204191888464","false","reduce_or_close","94512.48378491","0.010971289458753475","-0.025417395696499034","-0.09972419139189781","0.006260672449085634","0.00009176307906546836","0.006260672449085634","0.006352435528151103","0.0028136121245634794","0.0027996140542920203","0.000011198456217168064","0.00009176307906546836","0.00002799614054292038","99637.794","false","-0.0004284457504755146","38"
"curve_mild","curve_mild:maker-fill:59","2025-11-20T17:32:56.983Z","2025-11-20","crash-2025-11-20","1","2","false","0.75","-217","-0.05","0.05","86854.795","86854.795","86898.2223975","50","-167","0.800345846408145","false","reduce_or_close","86541.50244328","-0.016803494730324275","0.003262120907653987","0.05531370727978069","0.01062432221618566","0.00015250167208343582","0.01062432221618566","0.010776823888269095","0.002891313459217883","0.0028769288151421733","0.00001150771526056866","0.00015250167208343582","0.00002876928815141902","91471.81305","true","0.0025470746745781536","12"
"curve_mild","curve_mild:maker-fill:60","2025-11-21T07:35:24.608Z","2025-11-21","crash-2025-11-20","2","2","false","0.75","-208","-0.05","0.05","82166.64","82166.64","82207.72331999999","48","-160","0.8005759776671932","false","reduce_or_close","85087.30276302","-0.004614085988757122","0.037337768267591276","0.06851432521931655","0.0133525664179095","0.0001519510974215601","0.0133525664179095","0.01350451751533106","0.00293403089465343","0.0029194337260233026","0.000011677734904093196","0.0001519510974215601","0.000029194337260223186","86534.44559999999","true","0.0025470746745781536","12"
"curve_mild","curve_mild:maker-fill:61","2025-12-01T04:35:09.145Z","2025-12-01","crash-2025-12-01","1","1","false","0.75","-216","-0.05","0.05","85821.09999999999","85821.09999999999","85864.01054999999","50","-166","0.8001848456951446","false","reduce_or_close","86298.07323035","0.0580929573127118","0.06735574289143864","0.050486373857970834","0.009201118538311747","0.00014499308812693733","0.009201118538311747","0.009346111626438685","0.0029261386509973593","0.0029115807472610547","0.000011646322989044217","0.00014499308812693733","0.000029115807472614443","90383.169","false","0.000593141065158953","25"
"curve_mild","curve_mild:maker-fill:62","2026-01-20T22:37:43.832Z","2026-01-20","crash-2026-01-20","1","1","false","0","-875","-0.05","0.05","87901.50499999999","87901.50499999999","87945.45575249998","44","-831","0.05060090211603052","false","reduce_or_close","88323.29742522","0.011889572941149673","0.0132550241736753","0.009144826331963563","0.004955356310952671","0.0003835317704583239","0.004955356310952671","0.005338888081410995","0.0025140582660942786","0.0025015505135266396","0.000010006202054106526","0.0003835317704583239","0.000025015505135258197","92574.16394999999","false","0.00010774823056847183","31"
"curve_mild","curve_mild:maker-fill:63","2026-01-29T15:36:14.519Z","2026-01-29","crash-2026-01-29","1","3","false","0","-877","-0.05","0.05","84678.15499999998","84678.15499999998","84720.49407749998","44","-833","0.05043292918413289","false","reduce_or_close","84527.54894384","-0.00481089458278483","-0.09031403762721235","-0.2569339114086865","0.0029294663835928493","0.0004356330412064391","0.0029294663835928493","0.0033650994247992885","0.0026097581512891637","0.0025967742798897134","0.000010387097119558818","0.0004356330412064391","0.000025967742798898105","89179.46745","true","0.0009476739433484926","18"
"curve_mild","curve_mild:maker-fill:64","2026-01-31T17:24:09.958Z","2026-01-31","crash-2026-01-29","2","3","true","0","-877","-0.05","0.05","79899.845","79899.845","79939.79492249999","44","-833","0.050275856981592204","false","reduce_or_close","78650.89501901","-0.022343932775275355","-0.037871820357289754","-0.11956490743947756","0.0036414036655514903","0.0004126397974474295","0.0036414036655514903","0.00405404346299892","0.002765831463720331","0.0027520711081794242","0.000011008284432717674","0.0004126397974474295","0.000027520711081784852","84147.15255","true","0.0009476739433484926","18"
"curve_mild","curve_mild:maker-fill:65","2026-01-31T18:39:11.284Z","2026-01-31","crash-2026-01-29","3","3","true","0","-877","-0.1","0.1","75694.59000000001","75694.59000000001","75732.43729500001","46","-787","0.1003304509358608","false","reduce_or_close","78650.89501901","-0.022343932775275355","-0.037871820357289754","-0.11956490743947756","0.007630471962776312","0.00043141588720211146","0.007630471962776312","0.008061887849978423","0.006086163557691684","0.006074015526638406","0.000012148031053276825","0.00043141588720211146","0.00003037007763319086","84147.15255","true","0.0009476739433484926","18"
"curve_mild","curve_mild:maker-fill:66","2026-02-03T18:24:29.869Z","2026-02-03","crash-2026-02-03","1","4","false","0","-877","-0.05","0.05","74705.91","74705.91","74743.262955","44","-833","0.050839437373543905","false","reduce_or_close","75672.24245191","-0.035017163653026206","-0.06790192454908961","-0.09067406179142268","0.008971295196538612","0.00038417959408719893","0.008971295196538612","0.009355474790625812","0.00295812614085521","0.002943409095378314","0.000011773636381513257","0.00038417959408719893","0.000029434090953778962","78677.1189","true","-0.008510794986611225","42"
"curve_mild","curve_mild:maker-fill:67","2026-02-04T22:37:54.935Z","2026-02-04","crash-2026-02-03","2","4","true","0","-878","-0.05","0.05","71858.37999999999","71858.37999999999","71894.30918999999","44","-834","0.050327034485397326","false","reduce_or_close","73022.41515398","-0.13985924678791395","-0.051702030260008636","-0.08172157795228363","0.013030120777060986","0.0003906264824768857","0.013030120777060986","0.013420747259537872","0.0030753477221080907","0.0030600474846846615","0.000012240189938738602","0.0003906264824768857","0.00003060047484684304","75678.2202","true","-0.008510794986611225","42"
"curve_mild","curve_mild:maker-fill:68","2026-02-05T12:35:36.367Z","2026-02-05","crash-2026-02-03","3","4","true","0","-878","-0.05","0.05","69316.845","69316.845","69351.5034225","43","-835","0.049876013436089495","false","reduce_or_close","62809.55517191","0.12298123050590459","0.11905171609102827","0.05408758072767439","0.01492804086601233","0.00038570913374330504","0.01492804086601233","0.015313749999755634","0.0031156498321837076","0.0031001490867499613","0.000012400596346999836","0.00038570913374330504","0.000031001490867500635","73001.58255","true","-0.008510794986611225","42"
"curve_mild","curve_mild:maker-fill:69","2026-02-05T18:09:03.086Z","2026-02-05","crash-2026-02-03","4","4","true","0","-878","-0.1","0.1","65668.59000000001","65668.59000000001","65701.424295","47","-788","0.1009581017797534","false","reduce_or_close","62809.55517191","0.12298123050590459","0.11905171609102827","0.05408758072767439","0.020083617292328364","0.0004193502002066591","0.020083617292328364","0.020502967492535024","0.007167881138854385","0.007153573990872639","0.000014307147981745287","0.0004193502002066591","0.00003576786995436045","73001.58255","true","-0.008510794986611225","42"
"curve_mild","curve_mild:maker-fill:70","2026-02-23T17:38:41.727Z","2026-02-23","crash-2026-02-23","1","1","false","0","-872","-0.05","0.05","64197.295000000006","64197.295000000006","64229.3936475","44","-828","0.05098698869970342","false","reduce_or_close","64635.21034884","-0.00890917725233853","0.044074934101628216","0.06494752684386262","0.020337283960851615","0.000399411441579873","0.020337283960851615","0.020736695402431487","0.003442349171368951","0.003425223056088492","0.000013700892224353923","0.000399411441579873","0.000034252230560868","67609.88805000001","false","0.0001902741679318254","28"
"curve_mild","curve_mild:maker-fill:71","2026-06-02T14:35:40.336Z","2026-06-02","crash-2026-06-02","1","1","false","0","-875","-0.05","0.05","67733.67","67733.67","67767.53683499999","43","-832","0.050068896296106","false","reduce_or_close","66662.82180466","-0.039222330272212","-0.08441648924658351","-0.07462086650106758","0.016377994063493273","0.0006019763118677979","0.016377994063493273","0.016979970375361073","0.003188473568488977","0.003172610515909428","0.000012690442063637683","0.0006019763118677979","0.000031726105159087216","71334.2493","false","-0.0013302234658039147","40"
"curve_mild","curve_mild:maker-fill:72","2026-06-05T14:02:59.804Z","2026-06-05","crash-2026-06-05","1","1","false","0","-875","-0.05","0.05","60594.61","60594.61","60624.907305","44","-831","0.05095343896267168","false","reduce_or_close","61035.38042464","-0.0029769175631557676","0.03322589586090796","0.04103439321251301","0.024412289881572093","0.0006587537729905579","0.024412289881572093","0.025071043654562652","0.003647015885528045","0.0036288715278886023","0.000014515486111554394","0.0006587537729905579","0.000036288715278880656","63815.6919","false","0.0002815671553375587","26"
"curve_mild","curve_mild:maker-fill:73","2026-06-24T17:29:27.755Z","2026-06-24","crash-2026-06-24","1","1","false","0","-877","-0.05","0.05","59497.26499999999","59497.26499999999","59527.01363249999","44","-833","0.05089082408155954","false","reduce_or_close","60984.40267834","-0.02108616745846592","-0.017195970961480955","-0.016750750720115115","0.025751549791682135","0.0008078424189615938","0.025751549791682135","0.02655939221064373","0.0037142800639218543","0.003695801058628721","0.0000147832042345149","0.0008078424189615938","0.000036958010586285125","62660.01434999999","false","0.0015989809117240572","15"
"curve_aggressive","curve_aggressive:maker-fill:0","2024-01-03T12:25:33.889Z","2024-01-03","crash-2024-01-03","1","2","false","1.25","114","-0.05","0.1","42743.255","42743.255","42764.626627499994","36","150","1.3503936785903414","true","open_or_increase","42859.0044669","0.031248265381299767","0.02633425037185977","0.08891629664154088","0","0","0.006178756948657034","0.006086591549177932","0.004230131636030052","0.00420908620500502","0.000016836344820020027","-0.00009216539947910142","0.00004209086205004398","45015.39645","true","0.010086767836163801","4"
"curve_aggressive","curve_aggressive:maker-fill:1","2024-01-03T12:37:54.106Z","2024-01-03","crash-2024-01-03","2","2","true","1.25","114","-0.1","0.25","40493.61","40493.61","40513.856804999996","49","199","1.5004704391902512","true","open_or_increase","42859.0044669","0.031248265381299767","0.02633425037185977","0.08891629664154088","0","0","0.008469131885636519","0.008269327740029605","0.012118816590658622","0.012094627335986628","0.000024189254671973216","-0.00019980414560691383","0.000060473136679912304","45015.39645","true","0.010086767836163801","4"
"curve_aggressive","curve_aggressive:maker-fill:2","2024-01-09T21:39:44.704Z","2024-01-09","crash-2024-01-09","1","1","false","1.1867636715031318","90","-0.05","0.1","44643.825","44643.825","44666.14691249999","41","131","1.2874252195408808","true","open_or_increase","46125.69624676","0.011797592651367816","-0.07250504681552472","-0.06488210580604992","0","0","-0.004050479751902343","-0.004140324530579975","0.0046125536729998","0.004589605644775924","0.000018358422579103636","-0.00008984477867763175","0.00004589605644775257","47016.99675","false","0.004491926371312571","13"
"curve_aggressive","curve_aggressive:maker-fill:3","2024-01-12T16:28:23.472Z","2024-01-12","crash-2024-01-12","1","2","false","1.25","119","-0.05","0.1","44042.66499999999","44042.66499999999","44064.686332499994","38","157","1.3506023553722906","true","open_or_increase","42781.35048099","0.0013283768532565965","-0.0065876107577582665","-0.02712454586807944","0","0","-0.002828333744647157","-0.002846847559665438","0.004333402002663616","0.0043118427887200265","0.00001724737115488011","-0.00001851381501828102","0.00004311842788720451","46383.88034999999","true","-0.00000709307200530418","32"
"curve_aggressive","curve_aggressive:maker-fill:4","2024-01-12T22:35:59.257Z","2024-01-12","crash-2024-01-12","2","2","true","1.25","119","-0.1","0.25","41724.63","41724.63","41745.492314999996","51","208","1.500084982892807","true","open_or_increase","42781.35048099","0.0013283768532565965","-0.0065876107577582665","-0.02712454586807944","0","0","-0.00047359481123967855","-0.0007285340314019061","0.012241321677176162","0.012216887901373406","0.000024433775802746817","-0.0002549392201622275","0.00006108443950684906","46383.88034999999","true","-0.00000709307200530418","32"
"curve_aggressive","curve_aggressive:maker-fill:5","2024-01-22T19:36:56.327Z","2024-01-22","crash-2024-01-22","1","1","false","1","0","-0.05","0.1","39484.564999999995","39484.564999999995","39504.30728249999","40","40","1.1009649958263736","true","open_or_increase","39519.35533313","0.008746998241649262","0.010382077533690026","0.09552576213724895","0","0","0.00005881008799931754","0.000048685428124610205","0.005088052767578621","0.005062739072217529","0.0000202509562888701","-0.000010124659874707334","0.00005062739072216635","41583.481349999995","false","-0.0003435400167721703","34"
"curve_aggressive","curve_aggressive:maker-fill:6","2024-03-05T16:35:58.334Z","2024-03-05","crash-2024-03-05","1","2","false","1.1432325585208734","109","-0.05","0.1","64945.03999999999","64945.03999999999","64977.51251999999","66","175","1.2438165843894669","true","open_or_increase","63799.8108138","0.0362649497697185","0.07049405221899474","0.12034238257943652","0","0","-0.0018276164551962214","-0.0018444327906305613","0.005104073503859047","0.005078680103342332","0.000020314720413369255","-0.000016816335434339884","0.000050786801033417614","68397.3816","true","0.004292223722610844","15"
"curve_aggressive","curve_aggressive:maker-fill:7","2024-03-05T19:31:03.335Z","2024-03-05","crash-2024-03-05","2","2","true","1.1432325585208734","109","-0.1","0.25","61526.88","61526.88","61557.64343999999","89","264","1.393619332296449","true","open_or_increase","63799.8108138","0.0362649497697185","0.07049405221899474","0.12034238257943652","0","0","0.00613700260690019","0.006063255939821065","0.014486909344884436","0.014457993358168105","0.000028915986716336205","-0.00007374666707912471","0.00007228996679084437","68397.3816","true","0.004292223722610844","15"
"curve_aggressive","curve_aggressive:maker-fill:8","2024-03-14T18:38:36.513Z","2024-03-14","crash-2024-03-14","1","3","false","1.0006997995219449","1","-0.05","0.1","69465.71","69465.71","69500.442855","76","77","1.1001975741936312","true","open_or_increase","71367.84171405","-0.02642291754170767","-0.04224708644322672","-0.08236782622771577","0","0","0.0029920885939181724","0.0029568633400025835","0.005494929015010238","0.00546759105971167","0.00002187036423884669","-0.00003522525391558895","0.0000546759105971046","73158.3609","true","0.005386704724911651","10"
"curve_aggressive","curve_aggressive:maker-fill:9","2024-03-15T02:39:05.778Z","2024-03-15","crash-2024-03-14","2","3","false","0.9825731071395963","-14","-0.05","0.1","67847.95499999999","67847.95499999999","67881.87897749999","76","62","1.082317742617817","true","open_or_increase","69482.09511731","-0.0608853006975042","-0.026972896368277377","-0.08155193985246334","0.0010317186420725603","0","0.003289283978383335","0.003233616988026343","0.005625949159813075","0.005597959362998099","0.000022391837451992403","-0.00005566699035699184","0.000055979593629981896","71454.60944999999","true","0.005386704724911651","10"
"curve_aggressive","curve_aggressive:maker-fill:10","2024-03-16T21:39:12.126Z","2024-03-16","crash-2024-03-14","3","3","false","0.974806828935161","-19","-0.05","0.1","66088.27","66088.27","66121.314135","74","55","1.0747349898120606","true","open_or_increase","65251.656863","0.04752525256793039","-0.05131115242697404","-0.01903842798824651","0.0014374714302553228","0.00001714331469172361","0.00045606610276355134","0.0004304083105017376","0.005623753926620332","0.005595775051363492","0.0000223831002054539","-0.000025657792261813827","0.00005595775051361323","69601.3833","true","0.005386704724911651","10"
"curve_aggressive","curve_aggressive:maker-fill:11","2024-03-19T07:30:14.499Z","2024-03-19","crash-2024-03-19","1","1","false","0.8853339125644464","-86","-0.05","0.1","64257.715","64257.715","64289.8438575","75","-11","0.984657232926866","false","reduce_or_close","61903.51915159","0.09627846333429191","0.030889622271836448","0.13071215943741987","0.0023090481863206544","0.00014560733737355148","0.0023090481863206544","0.002454655523694206","0.005862123430185217","0.005832958637000214","0.000023331834548000873","0.00014560733737355148","0.00005832958636999617","67673.51985","false","-0.005936454166190597","41"
"curve_aggressive","curve_aggressive:maker-fill:12","2024-04-02T02:36:36.331Z","2024-04-02","crash-2024-04-02","1","1","false","0.7814974335677035","-166","-0.05","0.1","66230.2","66230.2","66263.31509999999","79","-87","0.8808805459756583","false","reduce_or_close","65461.65910502","0.008041754694537273","0.03658788576252747","0.05612779566930115","-0.007958293426781357","0.001099936128862969","-0.007958293426781357","-0.006858357297918388","0.005990871410537075","0.005961066080136395","0.000023844264320545595","0.001099936128862969","0.00005961066080135605","69750.858","false","-0.0018000951526426778","39"
"curve_aggressive","curve_aggressive:maker-fill:13","2024-04-12T18:30:51.025Z","2024-04-12","crash-2024-04-12","1","6","false","0.8412883470944986","-121","-0.05","0.1","66511.875","66511.875","66545.1309375","78","-43","0.9412450037730692","false","reduce_or_close","67162.54314395","-0.046640628201586654","-0.055546612705300036","-0.049536915584020735","-0.0009378728859536439","0.0003586568765786974","-0.0009378728859536439","-0.0005792160093749465","0.005889987659174079","0.005860684237984174","0.00002344273695193674","0.0003586568765786974","0.000058606842379840024","70047.50624999999","true","0.025641240250723563","1"
"curve_aggressive","curve_aggressive:maker-fill:14","2024-04-13T19:39:27.495Z","2024-04-13","crash-2024-04-12","2","6","true","0.830970821694722","-125","-0.05","0.1","63764","63764","63795.882","76","-49","0.9307290925074737","false","reduce_or_close","64030.0399401","0.026720695588985377","-0.0031754295179295955","0.014849955902096923","0.006567997033106694","0.00012298794382079392","0.006567997033106694","0.006690984976927488","0.005986279804078906","0.005956497317491443","0.000023825989269965733","0.00012298794382079392","0.00005956497317490786","67153.56","true","0.025641240250723563","1"
"curve_aggressive","curve_aggressive:maker-fill:15","2024-04-13T20:37:55.222Z","2024-04-13","crash-2024-04-12","3","6","true","0.830970821694722","-125","-0.1","0.25","60408","60408","60438.204","103","54","1.0802799780804602","true","open_or_increase","64030.0399401","0.026720695588985377","-0.0031754295179295955","0.014849955902096923","0.008111508409482193","0.0000060811118046804505","0.013081022267847634","0.013112019996135076","0.017076285059695","0.01704220065837826","0.000034084401316756534","0.00003099772828744092","0.00008521100329190534","67153.56","true","0.025641240250723563","1"
"curve_aggressive","curve_aggressive:maker-fill:16","2024-04-15T19:18:01.967Z","2024-04-15","crash-2024-04-12","4","6","true","0.8142416380222617","-136","-0.05","0.1","62380.895000000004","62380.895000000004","62412.0854475","76","-60","0.9144069590747788","false","reduce_or_close","63431.89137163","0.006224403546424728","0.0012480428473462535","0.0538610898494829","0.003015152910230293","0.000005226493847900288","0.003015152910230293","0.0030203794040781933","0.006119007196470748","0.00608856437459776","0.000024354257498391053","0.000005226493847900288","0.000060885643745973354","65696.93205","true","0.025641240250723563","1"
"curve_aggressive","curve_aggressive:maker-fill:17","2024-04-17T15:30:33.791Z","2024-04-17","crash-2024-04-12","5","6","true","0.8629885886315022","-98","-0.05","0.1","60617.69499999999","60617.69499999999","60648.00384749999","73","-25","0.963468251208246","false","reduce_or_close","61278.82927076","0.03642739010771434","0.06041326152793336","0.048754817457415056","0.006096367038700607","0.00000617899091254359","0.006096367038700607","0.006102546029613151","0.006048426604812648","0.0060183349301618574","0.000024073339720647438","0.00000617899091254359","0.000060183349301620305","63840.004049999996","true","0.025641240250723563","1"
"curve_aggressive","curve_aggressive:maker-fill:18","2024-04-19T02:09:50.006Z","2024-04-19","crash-2024-04-12","6","6","true","0.9157346233711877","-60","-0.05","0.1","60300.299999999996","60300.299999999996","60330.45014999999","71","11","1.016184863097319","true","open_or_increase","63835.51791382","0.017942445416457398","0.04719761594740235","-0.0013972456582933557","0.0015338517667757329","-0.00004294942599341312","0.002540474679035747","0.0024949981547802555","0.005913680390465334","0.005884259094990367","0.000023537036379961443","-0.00004547652425549158","0.000058842590949895494","63505.736999999994","true","0.025641240250723563","1"
"curve_aggressive","curve_aggressive:maker-fill:19","2024-04-30T14:09:50.849Z","2024-04-30","crash-2024-04-30","1","2","false","1","0","-0.05","0.1","60646.19499999999","60646.19499999999","60676.51809749999","68","68","1.0994010824919815","true","open_or_increase","60620.27817103","-0.0388572460263914","0.03788995714436805","0.028022853909499545","0","0","-0.00007806656247696725","-0.00008928694396993801","0.005631503103901368","0.005603485675523774","0.00002241394270209508","-0.000011220381492970763","0.000056034856755250186","63870.019049999995","true","0.0010960906498052037","25"
"curve_aggressive","curve_aggressive:maker-fill:20","2024-05-01T07:35:03.847Z","2024-05-01","crash-2024-04-30","2","2","false","1","0","-0.05","0.1","57573.799999999996","57573.799999999996","57602.586899999995","65","65","1.1001111147606957","true","open_or_increase","58264.74110795","0.014236619622374214","0.09672242451002755","0.04993521146896529","0","0","0.0028037244451591795","0.002789209625410248","0.005670318254404615","0.0056421077158255095","0.000022568430863302083","-0.000014514819748931516","0.000056421077158271614","60634.301999999996","true","0.0010960906498052037","25"
"curve_aggressive","curve_aggressive:maker-fill:21","2024-06-11T15:38:59.766Z","2024-06-11","crash-2024-06-11","1","1","false","1.25","199","-0.05","0.1","66051.695","66051.695","66084.72084750001","62","261","1.3502043869758962","true","open_or_increase","67322.26980566","0.01365071173183674","-0.01966820778372924","-0.03219395285150939","0","0","-0.0013647619901886773","-0.0015403749428837042","0.004714402905914438","0.004690948165089007","0.000018763792660356064","-0.00017561295269502697","0.000046909481650900256","69562.86405","false","0.0021402088033799505","19"
"curve_aggressive","curve_aggressive:maker-fill:22","2024-06-24T16:38:14.957Z","2024-06-24","crash-2024-06-24","1","1","false","1","0","-0.05","0.1","59995.825","59995.825","60025.82291249999","67","67","1.0992643822524428","true","open_or_increase","60269.41406789","0.02525826533712805","0.022393269983672415","0.04272416140763302","0","0","0.0004415788278206384","0.0004428979746966405","0.005608836058620515","0.005580931401612468","0.000022323725606449847","0.000001319146876002077","0.00005580931401612809","63185.07674999999","false","0.0005438018018359969","30"
"curve_aggressive","curve_aggressive:maker-fill:23","2024-07-04T08:39:47.646Z","2024-07-04","crash-2024-07-04","1","2","false","1","0","-0.05","0.1","57123.5","57123.5","57152.06174999999","64","64","1.0995650798036425","true","open_or_increase","57036.24421208","-0.0069567079978937185","-0.020883090867819254","0.0054041218226763554","0","0","-0.0002275832026337951","-0.0002498297230420615","0.005627093584248524","0.005599098093779617","0.000022396392375118474","-0.000022246520408266404","0.00005599098093778121","60160.064999999995","true","0.006080505182096019","8"
"curve_aggressive","curve_aggressive:maker-fill:24","2024-07-05T04:31:22.548Z","2024-07-05","crash-2024-07-04","2","2","false","0.75","-160","-0.05","0.1","54157.314999999995","54157.314999999995","54184.39365749999","67","-93","0.8492771796908699","false","reduce_or_close","56639.4597158","0.028280722598297725","0.0011320839974768848","0.022295679828805426","0.00618568331904934","0","0.00618568331904934","0.00618568331904934","0.006213504983153028","0.006182592023037829","0.000024730368092151247","0","0.00006182592023036127","57036.20384999999","true","0.006080505182096019","8"
"curve_aggressive","curve_aggressive:maker-fill:25","2024-08-02T20:39:31.284Z","2024-08-02","crash-2024-08-02","1","5","false","1.25","181","-0.05","0.1","62025.5","62025.5","62056.512749999994","57","238","1.3498082344826994","true","open_or_increase","61416.19026397","-0.012007811165757665","-0.12056699398015291","-0.009102827394814383","0","0","-0.002071626007640849","-0.0020951812838623254","0.00461555100838306","0.004592588068042854","0.000018370352272171467","-0.00002355527622147658","0.00004592588068042043","65322.645","true","0.02050477198441425","2"
"curve_aggressive","curve_aggressive:maker-fill:26","2024-08-04T17:32:37.454Z","2024-08-04","crash-2024-08-02","2","5","true","1","0","-0.05","0.1","57625.19499999999","57625.19499999999","57654.00759749999","63","63","1.1002976019539716","true","open_or_increase","58126.22600575","-0.07079078526813276","-0.05164832697228661","0.010267178087580708","0","0","0.0009574212364844104","0.000965573352611156","0.005490945264553095","0.005463627128908552","0.00002185450851563416","0.000008152116126745661","0.00005463627128909192","60688.42905","true","0.02050477198441425","2"
"curve_aggressive","curve_aggressive:maker-fill:27","2024-08-05T01:25:06.421Z","2024-08-05","crash-2024-08-02","3","5","true","0.75","-158","-0.05","0.1","55227.585","55227.585","55255.1987925","67","-91","0.8508628176822962","false","reduce_or_close","54011.42482213","0.03793148180272743","0.1423426786610147","0.09902395071678605","0.006065809323366227","0","0.006065809323366227","0.006065809323366227","0.0060930918240709965","0.006062777934399015","0.000024251111737596056","0","0.000060627779343993095","58163.36715","true","0.02050477198441425","2"
"curve_aggressive","curve_aggressive:maker-fill:28","2024-08-05T01:39:53.629Z","2024-08-05","crash-2024-08-02","4","5","true","0.75","-158","-0.1","0.25","52320.87","52320.87","52347.030435","91","0","1","false","reduce_or_close","54011.42482213","0.03793148180272743","0.1423426786610147","0.09902395071678605","0.0173926771477615","0","0.0173926771477615","0.0173926771477615","0.01741875312549426","0.0173839851551839","0.00003476797031036781","0","0.00008691992577591349","58163.36715","true","0.02050477198441425","2"
"curve_aggressive","curve_aggressive:maker-fill:29","2024-08-05T06:37:01.285Z","2024-08-05","crash-2024-08-02","5","5","true","0.75","-158","-0.15","0.4","49414.155","49414.155","49438.862077499994","83","83","1.1508118135662349","true","open_or_increase","54011.42482213","0.03793148180272743","0.1423426786610147","0.09902395071678605","0","0","0.014311596453974958","0.014305146984287798","0.025207801062378746","0.025182618443934813","0.00003357682459191307","-0.000006449469687159676","0.00008394206147977352","58163.36715","true","0.02050477198441425","2"
"curve_aggressive","curve_aggressive:maker-fill:30","2024-08-27T21:38:26.572Z","2024-08-27","crash-2024-08-27","1","1","false","0.8670780452988767","-91","-0.05","0.1","59665.225","59665.225","59695.05761249999","70","-21","0.9678027008482076","false","reduce_or_close","59435.02074767","-0.006842609029894975","-0.0054552364306647005","-0.03279700031494348","-0.010168174496975125","0.00013713072634298352","-0.010168174496975125","-0.010031043770632141","0.005892447617411172","0.005863131957623076","0.000023452527830492345","0.00013713072634298352","0.00005863131957623859","62836.902749999994","false","-0.0007283603128347416","38"
"curve_aggressive","curve_aggressive:maker-fill:31","2024-09-06T18:38:32.563Z","2024-09-06","crash-2024-09-06","1","1","false","0.75","-156","-0.05","0.1","53329.2","53329.2","53355.86459999999","66","-90","0.8497950465511552","false","reduce_or_close","53951.22108114","0.003701160092367317","0.057525856929583785","0.12240640780248402","0.012999633565826303","0.00005001747232114844","0.012999633565826303","0.013049651038147451","0.0062158115604784205","0.006184887124854147","0.000024739548499416505","0.00005001747232114844","0.000061848871248537","56164.068","false","0.0020931616249144636","21"
"curve_aggressive","curve_aggressive:maker-fill:32","2024-10-01T20:39:29.828Z","2024-10-01","crash-2024-10-01","1","1","false","1","0","-0.05","0.1","60121.51","60121.51","60151.570755","64","64","1.0999165811887226","true","open_or_increase","60810.09110703","-0.0028673316595285714","0.020920307790213588","0.02166291420500288","0","0","0.0011292037038323132","0.0011384884825922103","0.005346493798306487","0.005319894326673118","0.000021279577306692398","0.000009284778759897065","0.000053198943266732045","63317.4429","false","0.0015530843189928145","23"
"curve_aggressive","curve_aggressive:maker-fill:33","2024-11-25T22:10:52.002Z","2024-11-25","crash-2024-11-25","1","1","false","1.0220042255169748","22","-0.05","0.1","93165.265","93165.265","93211.8476325","94","116","1.122366202004454","true","open_or_increase","93007.39097731","-0.011686440561107347","0.028463688857973013","0.030648573534499235","0","0","-0.00015495733379921944","-0.00016650112431588723","0.005067488865388694","0.0050422774779986974","0.00002016910991199475","-0.000011543790516667794","0.00005042277477998474","98117.73435","false","-0.0005007784887793854","36"
"curve_aggressive","curve_aggressive:maker-fill:34","2024-12-05T22:32:05.923Z","2024-12-05","crash-2024-12-05","1","1","false","0.975937949994868","-24","-0.05","0.1","93835.015","93835.015","93881.9325075","96","72","1.0755475490593573","true","open_or_increase","97065.46928786","0.029079349932046528","0.04240543148545606","0.030686452476900827","0.0003400668391984826","0.00007857458477361444","0.002883681214966843","0.0029548380441261476","0.005138368875837351","0.005112804851579446","0.00002045121940631778","0.00007115682915930503","0.00005112804851579089","98823.08684999999","false","0.005314624216233854","12"
"curve_aggressive","curve_aggressive:maker-fill:35","2024-12-09T20:38:30.503Z","2024-12-09","crash-2024-12-09","1","1","false","1.0725635541780025","75","-0.05","0.1","96189.4","96189.4","96237.4947","93","168","1.1722604408526105","true","open_or_increase","97410.50602272","-0.007755967080324888","0.027035668770427623","0.08900645478741054","0","0","0.0020077375705242605","0.001922030416222604","0.004855955586300183","0.00483179660328377","0.00001932718641313509","-0.00008570715430165649","0.00004831796603283644","101302.62599999999","false","0.001581658678999398","22"
"curve_aggressive","curve_aggressive:maker-fill:36","2024-12-18T20:35:29.715Z","2024-12-18","crash-2024-12-18","1","2","false","1.25","273","-0.05","0.1","100862.64","100862.64","100913.07131999999","85","358","1.349361543746213","true","open_or_increase","100153.0940788","-0.02773571348314441","-0.02927880855396081","-0.007874439515463183","0","0","-0.006711576105793743","-0.00703546629421295","0.004232603313059093","0.004211545585133424","0.000016846182340533685","-0.0003238901884192071","0.00004211545585132977","106224.28559999999","true","0.005769873720462115","9"
"curve_aggressive","curve_aggressive:maker-fill:37","2024-12-20T11:39:45.708Z","2024-12-20","crash-2024-12-18","2","2","false","1.223815428539669","219","-0.05","0.1","92524.015","92524.015","92570.2770075","79","298","1.3239268526068453","true","open_or_increase","97762.83759575","-0.005545121212741533","-0.03070175795460428","-0.036760953259055484","0","0","0.0008210773897280116","0.0005597562877018423","0.004288363531285905","0.004267028389339223","0.00001706811355735696","-0.0002613211020261693","0.00004267028389339919","97442.39684999999","true","0.005769873720462115","9"
"curve_aggressive","curve_aggressive:maker-fill:38","2025-01-07T15:39:30.457Z","2025-01-07","crash-2025-01-07","1","1","false","1.25","257","-0.05","0.1","97125.81499999999","97125.81499999999","97174.37790749998","81","338","1.3499286041077259","true","open_or_increase","96940.88443108","-0.019478220590017914","-0.023096574842494055","-0.004266051489493328","0","0","-0.0021594979443491542","-0.002161175300243358","0.0041886041234804544","0.004167765296995467","0.000016671061187981812","-0.00000167735589420364","0.00004167765296994314","102288.81885","false","-0.00033904941269247146","33"
"curve_aggressive","curve_aggressive:maker-fill:39","2025-01-13T14:13:05.186Z","2025-01-13","crash-2025-01-13","1","1","false","1","0","-0.05","0.1","89735.86","89735.86","89780.72793","89","89","1.1004426047475488","true","open_or_increase","94503.63979334","0.021413882446701393","0.05794835506511298","0.08083811087695669","0","0","0.0049747561373608045","0.004955669680455591","0.004981302895524464","0.0049565202940541715","0.000019826081176216637","-0.000019086456905212805","0.00004956520294052211","94506.0294","false","0.007117345452605672","6"
"curve_aggressive","curve_aggressive:maker-fill:40","2025-02-03T01:35:36.531Z","2025-02-03","crash-2025-02-03","1","2","false","1.25","240","-0.05","0.1","92733.48999999999","92733.48999999999","92779.85674499998","75","315","1.3502801480661595","true","open_or_increase","101447.07401212","-0.03586856756149803","-0.04814100109320596","-0.0393628563925158","0","0","0.0031415786719423315","0.00312826239592718","0.004062034726307248","0.00404182559831566","0.000016167302393262607","-0.000013316276015151611","0.000040418255983143","97663.00709999999","true","0.01172805745722938","3"
"curve_aggressive","curve_aggressive:maker-fill:41","2025-02-04T22:07:12.168Z","2025-02-04","crash-2025-02-03","2","2","false","1.25","253","-0.05","0.1","96312.9","96312.9","96361.05644999999","79","332","1.3497522122610788","true","open_or_increase","97808.312784","-0.01210590839313297","-0.012987026761776321","-0.020889988162889894","0","0","0.00014308168668414253","0.00010575583614000837","0.004119662181225498","0.004099166349478107","0.00001639666539791242","-0.00003732585054413416","0.00004099166349477893","101432.69099999999","true","0.01172805745722938","3"
"curve_aggressive","curve_aggressive:maker-fill:42","2025-02-24T23:38:21.144Z","2025-02-24","crash-2025-02-24","1","4","false","1","0","-0.05","0.1","91425.52999999998","91425.52999999998","91471.24276499997","90","90","1.0997342817747127","true","open_or_increase","91531.99677074","-0.03234262482315198","-0.0753846167212181","-0.05872441833278441","0","0","0.00009097505429307338","0.00008114060338944672","0.004944176839948306","0.004919578945222188","0.0000196783157808887","-0.000009834450903626656","0.00004919578945219718","96285.51869999999","true","0.0076786468636895755","5"
"curve_aggressive","curve_aggressive:maker-fill:43","2025-02-25T10:38:09.897Z","2025-02-25","crash-2025-02-24","2","4","false","1","0","-0.05","0.1","86934.595","86934.595","86978.0622975","86","86","1.1002335993214083","true","open_or_increase","88571.61173987","-0.05049949886952987","-0.04817253827683665","-0.014931030384024213","0","0","0.0018203551199309582","0.0018007707605910501","0.00496849422239222","0.004943775345663908","0.000019775101382655634","-0.000019584359339908063","0.00004943775345663253","91555.85505","true","0.0076786468636895755","5"
"curve_aggressive","curve_aggressive:maker-fill:44","2025-02-26T18:34:15.175Z","2025-02-26","crash-2025-02-24","3","4","false","1","0","-0.05","0.1","84136.08499999999","84136.08499999999","84178.15304249998","83","83","1.0997893631180418","true","open_or_increase","84098.78973294","0.006339003750266858","0.022888785544389778","0.07742514333877049","0","0","0.000551022085917469","0.0005007072386167035","0.004954670361910049","0.004930020260607003","0.00001972008104242792","-0.00005031484730076549","0.00004930020260606329","88608.58215","true","0.0076786468636895755","5"
"curve_aggressive","curve_aggressive:maker-fill:45","2025-02-28T02:33:53.025Z","2025-02-28","crash-2025-02-24","4","4","false","1.25","209","-0.05","0.1","80410.27999999998","80410.27999999998","80450.48513999998","66","275","1.350123480860077","true","open_or_increase","84304.89238309","0.020388099243155766","0.02196718441955392","0.029123642002803596","0","0","0.005311662759562865","0.005298223808628843","0.004122411436337063","0.004101901926703546","0.000016407607706814142","-0.000013438950934022134","0.00004101901926703435","84684.72119999999","true","0.0076786468636895755","5"
"curve_aggressive","curve_aggressive:maker-fill:46","2025-03-03T14:38:07.376Z","2025-03-03","crash-2025-03-03","1","2","false","1","0","-0.05","0.1","89513.56","89513.56","89558.31678","89","89","1.0997324940295576","true","open_or_increase","86156.83350154","0.01267819124597347","0.04370157821901266","-0.08818909224715399","0","0","-0.0038917406333793306","-0.003911968440123556","0.004993673575828901","0.004968829428685475","0.000019875317714741894","-0.00002022780674422469","0.00004968829428684887","94271.9124","true","0.0027018243250640506","17"
"curve_aggressive","curve_aggressive:maker-fill:47","2025-03-04T15:35:08.541Z","2025-03-04","crash-2025-03-03","2","2","false","1","0","-0.05","0.1","81834.70999999999","81834.70999999999","81875.62735499999","81","81","1.0996935130966816","true","open_or_increase","87249.14631382","0.03852191581016795","-0.005604506709110835","-0.049857304877159336","0","0","0.006107031089272775","0.00611109905773986","0.004971259618386836","0.004946526983469491","0.000019786107933877954","0.000004067968467084947","0.000049465269834685305","86184.8709","true","0.0027018243250640506","17"
"curve_aggressive","curve_aggressive:maker-fill:48","2025-03-07T00:37:32.432Z","2025-03-07","crash-2025-03-07","1","2","false","1","0","-0.05","0.1","85391.795","85391.795","85434.4908975","85","85","1.0996613219930387","true","open_or_increase","86760.15788794","-0.006451752028540425","-0.0945297648533906","-0.03202009345186052","0","0","0.0015415254523076156","0.0015306246112492931","0.004999444551175966","0.004974571692712416","0.000019898286770849663","-0.000010900841058322495","0.00004974571692712833","89931.04305000001","true","-0.0005352496778106008","37"
"curve_aggressive","curve_aggressive:maker-fill:49","2025-03-09T21:35:22.448Z","2025-03-09","crash-2025-03-07","2","2","false","1","0","-0.05","0.1","81855.70499999999","81855.70499999999","81896.63285249998","82","82","1.1001604882259541","true","open_or_increase","80705.04291789","-0.026594401987043992","0.03651373161709537","0.023034705033257774","0","0","-0.0014400393744134865","-0.0014485474939503202","0.005031342384272639","0.005006310830122043","0.000020025243320488204","-0.000008508119536833808","0.00005006310830122626","86206.98194999999","true","-0.0005352496778106008","37"
"curve_aggressive","curve_aggressive:maker-fill:50","2025-04-06T18:33:35.923Z","2025-04-06","crash-2025-04-06","1","2","false","0.75","-204","-0.05","0.1","79284.72","79284.72","79324.36236","86","-118","0.8499144525687792","false","reduce_or_close","78357.43114501","0.009915342937444782","0.054065200333967","0.06852033902328736","0.005656835977724192","0.00010494306198717958","0.005656835977724192","0.005761779039711372","0.0054478849516465516","0.005420781046414468","0.00002168312418565781","0.00010494306198717958","0.0000542078104641406","83499.3288","true","0.007010547647329002","7"
"curve_aggressive","curve_aggressive:maker-fill:51","2025-04-07T07:18:48.543Z","2025-04-07","crash-2025-04-06","2","2","false","0.75","-194","-0.05","0.1","74407.325","74407.325","74444.52866249999","82","-112","0.8504270012051037","false","reduce_or_close","79134.37194651","-0.03640020671393018","0.005268899441595698","0.06893386478302088","0.01317304940953508","0.00013832462428207563","0.01317304940953508","0.013311374033817156","0.005534993738331824","0.005507456456051555","0.00002202982582420619","0.00013832462428207563","0.00005507456456050305","78362.66175","true","0.007010547647329002","7"
"curve_aggressive","curve_aggressive:maker-fill:52","2025-04-10T16:15:54.848Z","2025-04-10","crash-2025-04-10","1","1","false","0.75","-204","-0.05","0.1","78428.105","78428.105","78467.3190525","86","-118","0.849610080221775","false","reduce_or_close","79551.32299467","0.04817659024371945","0.05248417927216287","0.06796705601831743","0.002698060339194665","0.0001244059401881778","0.002698060339194665","0.002822466279382843","0.005507388365223227","0.005479988423107707","0.000021919953692430893","0.0001244059401881778","0.00005479988423107386","82597.17794999998","false","0.002133342190181464","20"
"curve_aggressive","curve_aggressive:maker-fill:53","2025-08-14T18:19:50.918Z","2025-08-14","crash-2025-08-14","1","1","false","1.25","313","-0.05","0.1","117180.695","117180.695","117239.2853475","98","411","1.3497204508780545","true","open_or_increase","118385.3376194","-0.007977753676695398","-0.007535222001713637","-0.04989475049139913","0","0","-0.0013204487024870233","-0.0014704717873996569","0.004200383843524511","0.00417948641146718","0.00001671794564586874","-0.0001500230849126336","0.000041794864114670145","123409.77404999999","false","0.0011028830260764177","24"
"curve_aggressive","curve_aggressive:maker-fill:54","2025-10-10T20:27:36.130Z","2025-10-10","crash-2025-10-10","1","2","false","1.25","301","-0.05","0.1","115578.995","115578.995","115636.78449749999","94","395","1.3502256084265867","true","open_or_increase","112979.89410117","-0.019535582146444352","0.02035493226981333","-0.0576342871897112","0","0","-0.003531324633309033","-0.0035592501991003867","0.004084772869226689","0.004064450616145955","0.00001625780246458379","-0.00002792556579135359","0.00004064450616145079","121722.93105","true","0.0024754942569760185","18"
"curve_aggressive","curve_aggressive:maker-fill:55","2025-10-10T21:28:10.502Z","2025-10-10","crash-2025-10-10","2","2","true","1.25","301","-0.1","0.25","109495.89000000001","109495.89000000001","109550.63794500001","129","524","1.5001937659952105","true","open_or_increase","112979.89410117","-0.019535582146444352","0.02035493226981333","-0.0576342871897112","0","0","0.001354485775654714","0.0013161623928133882","0.011798927183326322","0.011775376430465383","0.000023550752860930773","-0.000038323382841325663","0.00005887688215231314","121722.93105","true","0.0024754942569760185","18"
"curve_aggressive","curve_aggressive:maker-fill:56","2025-11-04T17:33:31.742Z","2025-11-04","crash-2025-11-04","1","1","false","0.75","-253","-0.05","0.1","101186.495","101186.495","101237.0882475","107","-146","0.8502727686723144","false","reduce_or_close","101466.59902852","0.023889019226599695","0.018036702536719407","0.015272181823640762","0.005287266843267964","0.000020623931084935645","0.005287266843267964","0.0053078907743528995","0.0053110476536575146","0.005284624531002482","0.000021138498124009868","0.000020623931084935645","0.00005284624531001576","106565.35605","false","0.0004983500043560518","31"
"curve_aggressive","curve_aggressive:maker-fill:57","2025-11-14T12:37:54.712Z","2025-11-14","crash-2025-11-14","1","1","false","0.75","-241","-0.05","0.1","94608.59999999999","94608.59999999999","94655.90429999998","102","-139","0.8502301409904762","false","reduce_or_close","94512.48378491","0.010971289458753475","-0.025417395696499034","-0.09972419139189781","0.012048841317108195","0.0001766006427297693","0.012048841317108195","0.012225441959837964","0.005414876164254244","0.00538793648184502","0.00002155174592738005","0.0001766006427297693","0.000053879364818450545","99637.794","false","-0.0003923422492451145","35"
"curve_aggressive","curve_aggressive:maker-fill:58","2025-11-20T17:32:56.983Z","2025-11-20","crash-2025-11-20","1","2","false","0.75","-226","-0.05","0.1","86854.795","86854.795","86898.2223975","95","-131","0.8495465121465664","false","reduce_or_close","86541.50244328","-0.016803494730324275","0.003262120907653987","0.05531370727978069","0.0165644935297058","0.00026732016169283445","0.0165644935297058","0.016831813691398634","0.005493495572513977","0.005466164748770129","0.000021864658995080455","0.00026732016169283445","0.00005466164748769614","91471.81305","true","0.004445718968910883","14"
"curve_aggressive","curve_aggressive:maker-fill:59","2025-11-21T07:35:24.608Z","2025-11-21","crash-2025-11-20","2","2","false","0.75","-217","-0.05","0.1","82166.64","82166.64","82207.72331999999","92","-125","0.8502897466602365","false","reduce_or_close","85087.30276302","-0.004614085988757122","0.037337768267591276","0.06851432521931655","0.017393837342129723","0.00016482842049616214","0.017393837342129723","0.017558665762625884","0.005623559214752407","0.005595581308211329","0.00002238232523284529","0.00016482842049616214","0.00005595581308209444","86534.44559999999","true","0.004445718968910883","14"
"curve_aggressive","curve_aggressive:maker-fill:60","2025-12-01T04:35:09.145Z","2025-12-01","crash-2025-12-01","1","1","false","0.75","-225","-0.05","0.1","85821.09999999999","85821.09999999999","85864.01054999999","95","-130","0.8498720465638346","false","reduce_or_close","86298.07323035","0.0580929573127118","0.06735574289143864","0.050486373857970834","0.004160865212412658","0.0000408080579220884","0.004160865212412658","0.004201673270334747","0.005559663436894983","0.005532003419796004","0.000022128013679184012","0.0000408080579220884","0.00005532003419796744","90383.169","false","0.0005607322035712237","28"
"curve_aggressive","curve_aggressive:maker-fill:61","2026-01-20T22:37:43.832Z","2026-01-20","crash-2026-01-20","1","1","false","0","-912","-0.05","0.1","87901.50499999999","87901.50499999999","87945.45575249998","91","-821","0.10024523777703565","false","reduce_or_close","88323.29742522","0.011889572941149673","0.0132550241736753","0.009144826331963563","-0.003016835167726281","0.0006370419110534707","-0.003016835167726281","-0.0023797932566728104","0.005199529595785894","0.005173661289339187","0.00002069464515735668","0.0006370419110534707","0.00005173661289337491","92574.16394999999","false","0.0005454994292821702","29"
"curve_aggressive","curve_aggressive:maker-fill:62","2026-01-29T15:36:14.519Z","2026-01-29","crash-2026-01-29","1","3","false","0","-914","-0.05","0.1","84678.15499999998","84678.15499999998","84720.49407749998","91","-823","0.10012848858545076","false","reduce_or_close","84527.54894384","-0.00481089458278483","-0.09031403762721235","-0.2569339114086865","0.002134604034031241","0.0008486250044059125","0.002134604034031241","0.002983229038437153","0.005397454358348043","0.0053706013515900895","0.000021482405406360285","0.0008486250044059125","0.0000537060135159029","89179.46745","true","0.005315114716754499","11"
"curve_aggressive","curve_aggressive:maker-fill:63","2026-01-31T17:24:09.958Z","2026-01-31","crash-2026-01-29","2","3","true","0","-914","-0.05","0.1","79899.845","79899.845","79939.79492249999","92","-822","0.1008776167232116","false","reduce_or_close","78650.89501901","-0.022343932775275355","-0.037871820357289754","-0.11956490743947756","0.012187260894053283","0.00085792349444049","0.012187260894053283","0.013045184388493773","0.005783102151415237","0.005754330498920614","0.000023017321995682413","0.00085792349444049","0.00005754330498918651","84147.15255","true","0.005315114716754499","11"
"curve_aggressive","curve_aggressive:maker-fill:64","2026-01-31T18:39:11.284Z","2026-01-31","crash-2026-01-29","3","3","true","0","-914","-0.1","0.25","75694.59000000001","75694.59000000001","75732.43729500001","140","-682","0.24996798182174118","false","reduce_or_close","78650.89501901","-0.022343932775275355","-0.037871820357289754","-0.11956490743947756","0.0315855883587069","0.0013059826070170861","0.0315855883587069","0.03289157096572399","0.01852310647993121","0.01848613421150819","0.000036972268423016424","0.0013059826070170861","0.0000924306710575374","84147.15255","true","0.005315114716754499","11"
"curve_aggressive","curve_aggressive:maker-fill:65","2026-02-03T18:24:29.869Z","2026-02-03","crash-2026-02-03","1","4","false","0","-917","-0.05","0.1","74705.91","74705.91","74743.262955","92","-825","0.10065016299280527","false","reduce_or_close","75672.24245191","-0.035017163653026206","-0.06790192454908961","-0.09067406179142268","0.022364753814722513","0.0008037721859837756","0.022364753814722513","0.023168526000706288","0.006185172839969984","0.00615440083579102","0.000024617603343164083","0.0008037721859837756","0.00006154400835790147","78677.1189","true","-0.021127760544634056","42"
"curve_aggressive","curve_aggressive:maker-fill:66","2026-02-04T22:37:54.935Z","2026-02-04","crash-2026-02-03","2","4","true","0","-918","-0.05","0.1","71858.37999999999","71858.37999999999","71894.30918999999","92","-826","0.10062297543758991","false","reduce_or_close","73022.41515398","-0.13985924678791395","-0.051702030260008636","-0.08172157795228363","0.027244797988400245","0.0008167644633607612","0.027244797988400245","0.028061562451761005","0.006430272509862373","0.006398281104340656","0.000025593124417362528","0.0008167644633607612","0.00006398281104339908","75678.2202","true","-0.021127760544634056","42"
"curve_aggressive","curve_aggressive:maker-fill:67","2026-02-05T12:35:36.367Z","2026-02-05","crash-2026-02-03","3","4","true","0","-919","-0.05","0.1","69316.845","69316.845","69351.5034225","92","-827","0.100808649798236","false","reduce_or_close","62809.55517191","0.12298123050590459","0.11905171609102827","0.05408758072767439","0.03193906417844497","0.0008252381466135829","0.03193906417844497","0.03276430232505855","0.006666041501416305","0.006632877115837127","0.000026531508463348486","0.0008252381466135829","0.00006632877115837345","73001.58255","true","-0.021127760544634056","42"
"curve_aggressive","curve_aggressive:maker-fill:68","2026-02-05T18:09:03.086Z","2026-02-05","crash-2026-02-03","4","4","true","0","-919","-0.1","0.25","65668.59000000001","65668.59000000001","65701.424295","141","-686","0.2500541277584425","false","reduce_or_close","62809.55517191","0.12298123050590459","0.11905171609102827","0.05408758072767439","0.0602508518769851","0.0012580506006199775","0.0602508518769851","0.06150890247760507","0.02150364341656315","0.021460721972617915","0.00004292144394523586","0.0012580506006199775","0.00010730360986308134","73001.58255","true","-0.021127760544634056","42"
"curve_aggressive","curve_aggressive:maker-fill:69","2026-02-23T17:38:41.727Z","2026-02-23","crash-2026-02-23","1","1","false","0","-904","-0.05","0.1","64197.295000000006","64197.295000000006","64229.3936475","90","-814","0.0999248482376659","false","reduce_or_close","64635.21034884","-0.00890917725233853","0.044074934101628216","0.06494752684386262","0.041050748495368064","0.0007193766307346995","0.041050748495368064","0.041770125126102765","0.007041168759618309","0.007006138069271916","0.00002802455227708757","0.0007193766307346995","0.00007006138069268455","67609.88805000001","false","0.0007470870663286444","26"
"curve_aggressive","curve_aggressive:maker-fill:70","2026-06-02T14:35:40.336Z","2026-06-02","crash-2026-06-02","1","1","false","0","-908","-0.05","0.1","67733.67","67733.67","67767.53683499999","91","-817","0.10032416327370008","false","reduce_or_close","66662.82180466","-0.039222330272212","-0.08441648924658351","-0.07462086650106758","0.03054790726088362","0.0005969518325620369","0.03054790726088362","0.031144859093445658","0.006747699877499928","0.006714129231343209","0.00002685651692537277","0.0005969518325620369","0.00006714129231341712","71334.2493","false","-0.002616585364989321","40"
"curve_aggressive","curve_aggressive:maker-fill:71","2026-06-05T14:02:59.804Z","2026-06-05","crash-2026-06-05","1","1","false","0","-907","-0.05","0.1","60594.61","60594.61","60624.907305","91","-816","0.10037982138116575","false","reduce_or_close","61035.38042464","-0.0029769175631557676","0.03322589586090796","0.04103439321251301","0.041212592091710784","0.0005151457022166443","0.041212592091710784","0.04172773779392743","0.0075426919450693655","0.007505166114496882","0.000030020664457987496","0.0005151457022166443","0.00007505166114495772","63815.6919","false","0.0006366791896801338","27"
"curve_aggressive","curve_aggressive:maker-fill:72","2026-06-24T17:29:27.755Z","2026-06-24","crash-2026-06-24","1","1","false","0","-909","-0.05","0.1","59497.26499999999","59497.26499999999","59527.01363249999","91","-818","0.10053252475130658","false","reduce_or_close","60984.40267834","-0.02108616745846592","-0.017195970961480955","-0.016750750720115115","0.03718096271627122","0.0008359860200181211","0.03718096271627122","0.038016948736289344","0.007681806495838381","0.007643588553073037","0.000030574354212292177","0.0008359860200181211","0.00007643588553072605","62660.01434999999","false","0.0033045608528234904","16"
