scenario,year,clusterId,startDate,endDate,crashDays,featureAsOfDate,featureObservationCount,filled,fillCount,outcomeClass,marginalEndingBtc,fullEndingBtc,withoutEndingBtc,clusterTopRank,v3TrendScore,bearLock,baselineTargetExposure,priceVsMA200,ma200Slope30,ema15,ema30,ema15VsEma30,drawdown365,ma200Deviation,rv30,volatilityCap,preCrash7dReturn,preCrash30dReturn,preCrash7dRealizedVol,consecutiveDown3,consecutiveDown5,consecutiveDown7,preCrash30dHighDrawdown,preCrash90dHighDrawdown,fundingLastRate,fundingMean7dAvailable,fundingMedian7dAvailable,fundingPositiveShare7d,fundingEvents7dAvailable,fundingExpectedSlots7d,fundingCoverageRatio7d,fundingStatus7d
"curve_mild","2024","crash-2024-01-03","2024-01-03","2024-01-03","[""2024-01-03""]","2024-01-02","1246","true","2","profitable","0.0024340833601124157","1.3999098900113864","1.397475806651274","13","3","false","1.25","0.4008355700174904","0.08160645619466855","43096.12721011829","42223.88233739697","0.02065761896908258","0","0.4008355700174904","0.471541207717894","1.2724232584121433","0.05769537483998688","0.12472172469984133","0.4260677800706171","false","false","false","0","0","0.00033397","0.0003302044444444445","0.00033238","1","18","21","0.8571428571428571","partial"
"curve_aggressive","2024","crash-2024-01-03","2024-01-03","2024-01-03","[""2024-01-03""]","2024-01-02","1246","true","2","profitable","0.010086767836163801","1.4522557251741064","1.4421689573379426","4","3","false","1.25","0.4008355700174904","0.08160645619466855","43096.12721011829","42223.88233739697","0.02065761896908258","0","0.4008355700174904","0.471541207717894","1.2724232584121433","0.05769537483998688","0.12472172469984133","0.4260677800706171","false","false","false","0","0","0.00033397","0.0003302044444444445","0.00033238","1","18","21","0.8571428571428571","partial"
"curve_mild","2024","crash-2024-01-09","2024-01-09","2024-01-09","[""2024-01-09""]","2024-01-08","1252","true","1","profitable","0.0021906836672005436","1.3999098900113864","1.397719206344186","14","3","false","1.1867636715031318","0.439144252857953","0.08218746590550308","43917.16231392412","42964.962493215426","0.022162240240732434","0","0.439144252857953","0.5055766488369599","1.1867636715031318","0.06333069709140138","0.07495077682360063","0.6859129111121348","false","false","false","0","0","0.00004837","0.0001076647619047619","0.0001","0.8571428571428571","21","21","1","complete"
"curve_aggressive","2024","crash-2024-01-09","2024-01-09","2024-01-09","[""2024-01-09""]","2024-01-08","1252","true","1","profitable","0.004491926371312571","1.4522557251741064","1.4477637988027938","13","3","false","1.1867636715031318","0.439144252857953","0.08218746590550308","43917.16231392412","42964.962493215426","0.022162240240732434","0","0.439144252857953","0.5055766488369599","1.1867636715031318","0.06333069709140138","0.07495077682360063","0.6859129111121348","false","false","false","0","0","0.00004837","0.0001076647619047619","0.0001","0.8571428571428571","21","21","1","complete"
"curve_mild","2024","crash-2024-01-12","2024-01-12","2024-01-12","[""2024-01-12""]","2024-01-11","1255","true","2","losing","-0.0003864940597737565","1.3999098900113864","1.4002963840711602","35","3","false","1.25","0.4078345473342777","0.08291911574294275","44733.850316640346","43585.48572581773","0.026347408356226953","-0.013668484674615788","0.4078345473342777","0.46461797601521465","1.291383525764298","0.0487092705437564","0.11769155486392857","0.5530230854060456","false","false","false","-0.013668484674615788","-0.013668484674615788","0.0001","0.0000590957142857143","0.0001","0.8571428571428571","21","21","1","complete"
"curve_aggressive","2024","crash-2024-01-12","2024-01-12","2024-01-12","[""2024-01-12""]","2024-01-11","1255","true","2","losing","-0.00000709307200530418","1.4522557251741064","1.4522628182461117","32","3","false","1.25","0.4078345473342777","0.08291911574294275","44733.850316640346","43585.48572581773","0.026347408356226953","-0.013668484674615788","0.4078345473342777","0.46461797601521465","1.291383525764298","0.0487092705437564","0.11769155486392857","0.5530230854060456","false","false","false","-0.013668484674615788","-0.013668484674615788","0.0001","0.0000590957142857143","0.0001","0.8571428571428571","21","21","1","complete"
"curve_mild","2024","crash-2024-01-22","2024-01-22","2024-01-22","[""2024-01-22""]","2024-01-21","1265","true","1","profitable","0.00009172377410404664","1.3999098900113864","1.3998181662372824","32","2","false","1","0.24002940351989577","0.07457448308495929","42736.35755099562","42863.61965356465","-0.0029690003690214795","-0.11570966314288256","0.24002940351989577","0.5210909513083157","1.1514304719618818","-0.003711658587581712","-0.05563464668842921","0.34074669566961735","false","false","false","-0.11570966314288256","-0.11570966314288256","0.0001","0.00009197238095238098","0.0001","1","21","21","1","complete"
"curve_aggressive","2024","crash-2024-01-22","2024-01-22","2024-01-22","[""2024-01-22""]","2024-01-21","1265","true","1","losing","-0.0003435400167721703","1.4522557251741064","1.4525992651908786","34","2","false","1","0.24002940351989577","0.07457448308495929","42736.35755099562","42863.61965356465","-0.0029690003690214795","-0.11570966314288256","0.24002940351989577","0.5210909513083157","1.1514304719618818","-0.003711658587581712","-0.05563464668842921","0.34074669566961735","false","false","false","-0.11570966314288256","-0.11570966314288256","0.0001","0.00009197238095238098","0.0001","1","21","21","1","complete"
"curve_mild","2024","crash-2024-03-05","2024-03-05","2024-03-05","[""2024-03-05""]","2024-03-04","1308","true","2","profitable","0.0006595606388213326","1.3999098900113864","1.399250329372565","23","3","false","1.1432325585208734","0.813597357201191","0.10040998531430412","58332.23847682391","54020.88911397623","0.07980893009279","0","0.813597357201191","0.5248276000609067","1.1432325585208734","0.25333394612984006","0.5894720259808643","0.8303202525890578","false","false","false","0","0","0.00068712","0.00046820789473684207","0.00049753","1","19","21","0.9047619047619048","partial"
"curve_aggressive","2024","crash-2024-03-05","2024-03-05","2024-03-05","[""2024-03-05""]","2024-03-04","1308","true","2","profitable","0.004292223722610844","1.4522557251741064","1.4479635014514955","15","3","false","1.1432325585208734","0.813597357201191","0.10040998531430412","58332.23847682391","54020.88911397623","0.07980893009279","0","0.813597357201191","0.5248276000609067","1.1432325585208734","0.25333394612984006","0.5894720259808643","0.8303202525890578","false","false","false","0","0","0.00068712","0.00046820789473684207","0.00049753","1","19","21","0.9047619047619048","partial"
"curve_mild","2024","crash-2024-03-14","2024-03-14","2024-03-16","[""2024-03-14"",""2024-03-15"",""2024-03-16""]","2024-03-13","1317","true","3","profitable","0.0025501693219738275","1.3999098900113864","1.3973597206894126","11","3","false","1.0006997995219449","0.8483246177231791","0.13183811516551325","66313.1070968715","60911.6564807192","0.08867679731977196","0","0.8483246177231791","0.5995804139129761","1.0006997995219449","0.10589260647741283","0.4640393625973065","0.3250091019114956","false","false","false","0","0","0.0001","0.00043464333333333323","0.00038313","1","21","21","1","complete"
"curve_aggressive","2024","crash-2024-03-14","2024-03-14","2024-03-16","[""2024-03-14"",""2024-03-15"",""2024-03-16""]","2024-03-13","1317","true","3","profitable","0.005386704724911651","1.4522557251741064","1.4468690204491947","10","3","false","1.0006997995219449","0.8483246177231791","0.13183811516551325","66313.1070968715","60911.6564807192","0.08867679731977196","0","0.8483246177231791","0.5995804139129761","1.0006997995219449","0.10589260647741283","0.4640393625973065","0.3250091019114956","false","false","false","0","0","0.0001","0.00043464333333333323","0.00038313","1","21","21","1","complete"
"curve_mild","2024","crash-2024-03-19","2024-03-19","2024-03-19","[""2024-03-19""]","2024-03-18","1322","true","1","losing","-0.0030155971485361643","1.3999098900113864","1.4029254871599226","41","3","false","0.8853339125644464","0.6646561892200129","0.1438925957998678","67232.21255881504","63007.11839025188","0.06705740996428178","-0.07531313493616842","0.6646561892200129","0.6777103999801024","0.8853339125644464","-0.062407191977031595","0.3083284790084422","0.6724255377940637","false","false","false","-0.07531313493616842","-0.07531313493616842","0.00013347","0.0003266142857142857","0.00033098","1","21","21","1","complete"
"curve_aggressive","2024","crash-2024-03-19","2024-03-19","2024-03-19","[""2024-03-19""]","2024-03-18","1322","true","1","losing","-0.005936454166190597","1.4522557251741064","1.458192179340297","41","3","false","0.8853339125644464","0.6646561892200129","0.1438925957998678","67232.21255881504","63007.11839025188","0.06705740996428178","-0.07531313493616842","0.6646561892200129","0.6777103999801024","0.8853339125644464","-0.062407191977031595","0.3083284790084422","0.6724255377940637","false","false","false","-0.07531313493616842","-0.07531313493616842","0.00013347","0.0003266142857142857","0.00033098","1","21","21","1","complete"
"curve_mild","2024","crash-2024-04-02","2024-04-02","2024-04-02","[""2024-04-02""]","2024-04-01","1336","true","1","losing","-0.0008583602825886771","1.3999098900113864","1.4007682502939751","39","3","false","0.7814974335677035","0.6001057505882534","0.16712509076702786","68739.92514554664","66348.93897257198","0.03603653969452436","-0.04679433132653266","0.6001057505882534","0.767756839918042","0.7814974335677035","-0.003319949298099756","0.1233491989431097","0.3222267528180716","false","false","false","-0.04679433132653266","-0.04679433132653266","0.0001516","0.00034324000000000003","0.00033233","1","19","21","0.9047619047619048","partial"
"curve_aggressive","2024","crash-2024-04-02","2024-04-02","2024-04-02","[""2024-04-02""]","2024-04-01","1336","true","1","losing","-0.0018000951526426778","1.4522557251741064","1.454055820326749","39","3","false","0.7814974335677035","0.6001057505882534","0.16712509076702786","68739.92514554664","66348.93897257198","0.03603653969452436","-0.04679433132653266","0.6001057505882534","0.767756839918042","0.7814974335677035","-0.003319949298099756","0.1233491989431097","0.3222267528180716","false","false","false","-0.04679433132653266","-0.04679433132653266","0.0001516","0.00034324000000000003","0.00033233","1","19","21","0.9047619047619048","partial"
"curve_mild","2024","crash-2024-04-12","2024-04-12","2024-04-19","[""2024-04-12"",""2024-04-13"",""2024-04-15"",""2024-04-17"",""2024-04-19""]","2024-04-11","1346","true","6","profitable","0.010743758325123753","1.3999098900113864","1.3891661316862627","2","3","false","0.8412883470944986","0.5336569314628552","0.16116148429817412","69141.86815895377","67656.08308924857","0.021960849665878968","-0.04225311159958878","0.5336569314628552","0.7131918587392538","0.8412883470944986","0.021809094916323657","-0.020321115490049335","0.43518256238594183","false","false","false","-0.04225311159958878","-0.04225311159958878","0.0001","0.00011259666666666665","0.0001","1","21","21","1","complete"
"curve_aggressive","2024","crash-2024-04-12","2024-04-12","2024-04-19","[""2024-04-12"",""2024-04-13"",""2024-04-15"",""2024-04-17"",""2024-04-19""]","2024-04-11","1346","true","6","profitable","0.025641240250723563","1.4522557251741064","1.4266144849233828","1","3","false","0.8412883470944986","0.5336569314628552","0.16116148429817412","69141.86815895377","67656.08308924857","0.021960849665878968","-0.04225311159958878","0.5336569314628552","0.7131918587392538","0.8412883470944986","0.021809094916323657","-0.020321115490049335","0.43518256238594183","false","false","false","-0.04225311159958878","-0.04225311159958878","0.0001","0.00011259666666666665","0.0001","1","21","21","1","complete"
"curve_mild","2024","crash-2024-04-30","2024-04-30","2024-05-01","[""2024-04-30"",""2024-05-01""]","2024-04-29","1364","true","2","profitable","0.0007570204274043313","1.3999098900113864","1.399152869583982","21","2","false","1","0.30263715369751476","0.13655282141583647","64643.49688405536","65305.93855974303","-0.010143666721544098","-0.12696938369929223","0.30263715369751476","0.510380939757993","1.1755924903553443","-0.045135829399201244","-0.08324014493441667","0.26138897517221815","false","false","false","-0.10881994812080842","-0.12696938369929223","0.0001","0.00007230571428571431","0.00008788","0.9047619047619048","21","21","1","complete"
"curve_aggressive","2024","crash-2024-04-30","2024-04-30","2024-05-01","[""2024-04-30"",""2024-05-01""]","2024-04-29","1364","true","2","profitable","0.0010960906498052037","1.4522557251741064","1.4511596345243012","25","2","false","1","0.30263715369751476","0.13655282141583647","64643.49688405536","65305.93855974303","-0.010143666721544098","-0.12696938369929223","0.30263715369751476","0.510380939757993","1.1755924903553443","-0.045135829399201244","-0.08324014493441667","0.26138897517221815","false","false","false","-0.10881994812080842","-0.12696938369929223","0.0001","0.00007230571428571431","0.00008788","0.9047619047619048","21","21","1","complete"
"curve_mild","2024","crash-2024-06-11","2024-06-11","2024-06-11","[""2024-06-11""]","2024-06-10","1406","true","1","profitable","0.0006636829226285279","1.3999098900113864","1.399246207088758","22","3","false","1.25","0.2465376678655269","0.0945693937048242","69072.54737186848","68013.29980051199","0.015574124097247788","-0.04929560051758397","0.2465376678655269","0.46038054026759","1.303269681318976","0.010363756383496403","0.14303815076833604","0.266271351291971","false","false","false","-0.02673233142685494","-0.04929560051758397","0.0001","0.00011912999999999997","0.0001","1","21","21","1","complete"
"curve_aggressive","2024","crash-2024-06-11","2024-06-11","2024-06-11","[""2024-06-11""]","2024-06-10","1406","true","1","profitable","0.0021402088033799505","1.4522557251741064","1.4501155163707264","19","3","false","1.25","0.2465376678655269","0.0945693937048242","69072.54737186848","68013.29980051199","0.015574124097247788","-0.04929560051758397","0.2465376678655269","0.46038054026759","1.303269681318976","0.010363756383496403","0.14303815076833604","0.266271351291971","false","false","false","-0.02673233142685494","-0.04929560051758397","0.0001","0.00011912999999999997","0.0001","1","21","21","1","complete"
"curve_mild","2024","crash-2024-06-24","2024-06-24","2024-06-24","[""2024-06-24""]","2024-06-23","1419","true","1","profitable","0.00016385868484691812","1.3999098900113864","1.3997460313265395","30","2","false","1","0.09902532704220612","0.08410287393154992","65772.99836940797","66483.2794679383","-0.01068360502391974","-0.13606589411615688","0.09902532704220612","0.24990094214440103","2","-0.05198237834964381","-0.07847926454799947","0.1612529931101687","false","false","false","-0.11175979535259972","-0.11810556591457066","0.0001","0.00006554238095238097","0.0001","0.8571428571428571","21","21","1","complete"
"curve_aggressive","2024","crash-2024-06-24","2024-06-24","2024-06-24","[""2024-06-24""]","2024-06-23","1419","true","1","profitable","0.0005438018018359969","1.4522557251741064","1.4517119233722704","30","2","false","1","0.09902532704220612","0.08410287393154992","65772.99836940797","66483.2794679383","-0.01068360502391974","-0.13606589411615688","0.09902532704220612","0.24990094214440103","2","-0.05198237834964381","-0.07847926454799947","0.1612529931101687","false","false","false","-0.11175979535259972","-0.11810556591457066","0.0001","0.00006554238095238097","0.0001","0.8571428571428571","21","21","1","complete"
"curve_mild","2024","crash-2024-07-04","2024-07-04","2024-07-05","[""2024-07-04"",""2024-07-05""]","2024-07-03","1429","true","2","profitable","0.0027959999326869767","1.3999098900113864","1.3971138900786995","8","2","false","1","0.02982998163088446","0.06955673700073062","62557.75626577451","63999.93183927634","-0.022534017334949308","-0.17738881275808238","0.02982998163088446","0.3357716284676921","1.7869288204549179","-0.011003823515604028","-0.12576766275898144","0.4027121081880742","false","false","false","-0.1542453014359385","-0.16028754681136248","0.0001","0.00013628052631578942","0.0001","1","19","21","0.9047619047619048","partial"
"curve_aggressive","2024","crash-2024-07-04","2024-07-04","2024-07-05","[""2024-07-04"",""2024-07-05""]","2024-07-03","1429","true","2","profitable","0.006080505182096019","1.4522557251741064","1.4461752199920104","8","2","false","1","0.02982998163088446","0.06955673700073062","62557.75626577451","63999.93183927634","-0.022534017334949308","-0.17738881275808238","0.02982998163088446","0.3357716284676921","1.7869288204549179","-0.011003823515604028","-0.12576766275898144","0.4027121081880742","false","false","false","-0.1542453014359385","-0.16028754681136248","0.0001","0.00013628052631578942","0.0001","1","19","21","0.9047619047619048","partial"
"curve_mild","2024","crash-2024-08-02","2024-08-02","2024-08-05","[""2024-08-02"",""2024-08-04"",""2024-08-05""]","2024-08-01","1458","true","5","profitable","0.013049137723235349","1.3999098900113864","1.386860752288151","1","3","false","1.25","0.06670776477108165","0.04972524057310168","65639.76153778698","64653.60278833678","0.015252958952321594","-0.10693325378980745","0.06670776477108165","0.47393061444162476","1.2660081069185782","-0.007574274280354065","0.05263100290334033","0.37198956438934827","false","false","false","-0.04329886552985829","-0.08573791134509734","0.0001","0.00008779105263157897","0.0001","1","19","21","0.9047619047619048","partial"
"curve_aggressive","2024","crash-2024-08-02","2024-08-02","2024-08-05","[""2024-08-02"",""2024-08-04"",""2024-08-05""]","2024-08-01","1458","true","5","profitable","0.02050477198441425","1.4522557251741064","1.4317509531896921","2","3","false","1.25","0.06670776477108165","0.04972524057310168","65639.76153778698","64653.60278833678","0.015252958952321594","-0.10693325378980745","0.06670776477108165","0.47393061444162476","1.2660081069185782","-0.007574274280354065","0.05263100290334033","0.37198956438934827","false","false","false","-0.04329886552985829","-0.08573791134509734","0.0001","0.00008779105263157897","0.0001","1","19","21","0.9047619047619048","partial"
"curve_mild","2024","crash-2024-08-27","2024-08-27","2024-08-27","[""2024-08-27""]","2024-08-26","1483","true","1","losing","-0.00041051128087055133","1.3999098900113864","1.400320401292257","37","2","false","0.8670780452988767","-0.008908620070922524","0.045418517808154535","61456.83595446054","61344.71965223708","0.0018276438927269378","-0.14040191854677253","-0.008908620070922524","0.6919792321499543","0.8670780452988767","0.05664151197559231","-0.07436015916929228","0.5689960559114705","false","false","false","-0.07915229941715385","-0.11621781038103296","0.00006767","0.000035662380952380954","0.00004816","0.8095238095238095","21","21","1","complete"
"curve_aggressive","2024","crash-2024-08-27","2024-08-27","2024-08-27","[""2024-08-27""]","2024-08-26","1483","true","1","losing","-0.0007283603128347416","1.4522557251741064","1.4529840854869411","38","2","false","0.8670780452988767","-0.008908620070922524","0.045418517808154535","61456.83595446054","61344.71965223708","0.0018276438927269378","-0.14040191854677253","-0.008908620070922524","0.6919792321499543","0.8670780452988767","0.05664151197559231","-0.07436015916929228","0.5689960559114705","false","false","false","-0.07915229941715385","-0.11621781038103296","0.00006767","0.000035662380952380954","0.00004816","0.8095238095238095","21","21","1","complete"
"curve_mild","2024","crash-2024-09-06","2024-09-06","2024-09-06","[""2024-09-06""]","2024-09-05","1493","true","1","profitable","0.0007610482398763274","1.3999098900113864","1.39914884177151","20","1","false","0.75","-0.12003199921907293","0.03591474666857808","58960.672230968514","59830.79307037486","-0.014543027005891052","-0.23188982523090051","-0.12003199921907293","0.6315902536960566","0.9499829937032895","-0.05411183410370046","0.00177999196638301","0.4434533979007501","false","false","false","-0.12616094142828616","-0.19357799795107877","0.00002351","0.000021853157894736845","0.00003227","0.7368421052631579","19","21","0.9047619047619048","partial"
"curve_aggressive","2024","crash-2024-09-06","2024-09-06","2024-09-06","[""2024-09-06""]","2024-09-05","1493","true","1","profitable","0.0020931616249144636","1.4522557251741064","1.450162563549192","21","1","false","0.75","-0.12003199921907293","0.03591474666857808","58960.672230968514","59830.79307037486","-0.014543027005891052","-0.23188982523090051","-0.12003199921907293","0.6315902536960566","0.9499829937032895","-0.05411183410370046","0.00177999196638301","0.4434533979007501","false","false","false","-0.12616094142828616","-0.19357799795107877","0.00002351","0.000021853157894736845","0.00003227","0.7368421052631579","19","21","0.9047619047619048","partial"
"curve_mild","2024","crash-2024-10-01","2024-10-01","2024-10-01","[""2024-10-01""]","2024-09-30","1518","true","1","profitable","0.0006334724445640205","1.3999098900113864","1.3992764175668224","24","2","false","1","-0.006344545346782526","0.000615216455810641","63312.317655410654","61927.50590338592","0.0223618201931981","-0.13404302931736556","-0.006344545346782526","0.4276562798890073","1.4029958829453464","-0.00029688165624497387","0.07367757585511647","0.4196417670982007","false","false","false","-0.0388659460154086","-0.07234031524513118","0.0001","0.00007726105263157896","0.0001","1","19","21","0.9047619047619048","partial"
"curve_aggressive","2024","crash-2024-10-01","2024-10-01","2024-10-01","[""2024-10-01""]","2024-09-30","1518","true","1","profitable","0.0015530843189928145","1.4522557251741064","1.4507026408551136","23","2","false","1","-0.006344545346782526","0.000615216455810641","63312.317655410654","61927.50590338592","0.0223618201931981","-0.13404302931736556","-0.006344545346782526","0.4276562798890073","1.4029958829453464","-0.00029688165624497387","0.07367757585511647","0.4196417670982007","false","false","false","-0.0388659460154086","-0.07234031524513118","0.0001","0.00007726105263157896","0.0001","1","19","21","0.9047619047619048","partial"
"curve_mild","2024","crash-2024-11-25","2024-11-25","2024-11-25","[""2024-11-25""]","2024-11-24","1573","true","1","losing","-0.0003414657376374919","1.3999098900113864","1.400251355749024","33","3","false","1.0220042255169748","0.4872713384946865","0.041294700288456054","91201.2951635895","84370.55210489263","0.08096122270486794","-0.010110741570172554","0.4872713384946865","0.5870817214053039","1.0220042255169748","0.09062922066232071","0.4720369420617003","0.33988645067154","false","false","false","-0.010110741570172554","-0.010110741570172554","0.00018429","0.0001325238095238095","0.0001","1","21","21","1","complete"
"curve_aggressive","2024","crash-2024-11-25","2024-11-25","2024-11-25","[""2024-11-25""]","2024-11-24","1573","true","1","losing","-0.0005007784887793854","1.4522557251741064","1.4527565036628858","36","3","false","1.0220042255169748","0.4872713384946865","0.041294700288456054","91201.2951635895","84370.55210489263","0.08096122270486794","-0.010110741570172554","0.4872713384946865","0.5870817214053039","1.0220042255169748","0.09062922066232071","0.4720369420617003","0.33988645067154","false","false","false","-0.010110741570172554","-0.010110741570172554","0.00018429","0.0001325238095238095","0.0001","1","21","21","1","complete"
"curve_mild","2024","crash-2024-12-05","2024-12-05","2024-12-05","[""2024-12-05""]","2024-12-04","1583","true","1","profitable","0.0027628056112150023","1.3999098900113864","1.3971470844001714","9","3","false","0.975937949994868","0.4629824257719086","0.06366861769999566","94987.55806471632","90078.10335349783","0.05450219896340491","-0.0024693251001673966","0.4629824257719086","0.6147931843445119","0.975937949994868","0.029259978629741612","0.4565797485421057","0.30450991489862006","false","false","false","-0.0024693251001673966","-0.0024693251001673966","0.00027238","0.0001302478947368421","0.0001","1","19","21","0.9047619047619048","partial"
"curve_aggressive","2024","crash-2024-12-05","2024-12-05","2024-12-05","[""2024-12-05""]","2024-12-04","1583","true","1","profitable","0.005314624216233854","1.4522557251741064","1.4469411009578725","12","3","false","0.975937949994868","0.4629824257719086","0.06366861769999566","94987.55806471632","90078.10335349783","0.05450219896340491","-0.0024693251001673966","0.4629824257719086","0.6147931843445119","0.975937949994868","0.029259978629741612","0.4565797485421057","0.30450991489862006","false","false","false","-0.0024693251001673966","-0.0024693251001673966","0.00027238","0.0001302478947368421","0.0001","1","19","21","0.9047619047619048","partial"
"curve_mild","2024","crash-2024-12-09","2024-12-09","2024-12-09","[""2024-12-09""]","2024-12-08","1587","true","1","profitable","0.0007817005966694879","1.3999098900113864","1.399128189414717","19","3","false","1.0725635541780025","0.48543299794661654","0.07009915524695365","96944.66085484026","92311.57947568982","0.05018960140716211","0","0.48543299794661654","0.5594074100903339","1.0725635541780025","0.04027526017141159","0.32153751202856307","0.3618134590792582","false","false","false","0","0","0.0001","0.0001607719047619047","0.0001","1","21","21","1","complete"
"curve_aggressive","2024","crash-2024-12-09","2024-12-09","2024-12-09","[""2024-12-09""]","2024-12-08","1587","true","1","profitable","0.001581658678999398","1.4522557251741064","1.450674066495107","22","3","false","1.0725635541780025","0.48543299794661654","0.07009915524695365","96944.66085484026","92311.57947568982","0.05018960140716211","0","0.48543299794661654","0.5594074100903339","1.0725635541780025","0.04027526017141159","0.32153751202856307","0.3618134590792582","false","false","false","0","0","0.0001","0.0001607719047619047","0.0001","1","21","21","1","complete"
"curve_mild","2024","crash-2024-12-18","2024-12-18","2024-12-20","[""2024-12-18"",""2024-12-20""]","2024-12-17","1596","true","2","profitable","0.0025504732258918583","1.3999098900113864","1.3973594167854946","10","3","false","1.25","0.5250038054760167","0.07544763109022545","100955.30202325819","96760.04104671135","0.04335737078203139","0","0.5250038054760167","0.43062995959988465","1.3933076104539586","0.09834215555391435","0.18132482896370772","0.3789114790562237","false","false","false","0","0","0.0001","0.00010338952380952381","0.0001","1","21","21","1","complete"
"curve_aggressive","2024","crash-2024-12-18","2024-12-18","2024-12-20","[""2024-12-18"",""2024-12-20""]","2024-12-17","1596","true","2","profitable","0.005769873720462115","1.4522557251741064","1.4464858514536443","9","3","false","1.25","0.5250038054760167","0.07544763109022545","100955.30202325819","96760.04104671135","0.04335737078203139","0","0.5250038054760167","0.43062995959988465","1.3933076104539586","0.09834215555391435","0.18132482896370772","0.3789114790562237","false","false","false","0","0","0.0001","0.00010338952380952381","0.0001","1","21","21","1","complete"
"curve_mild","2025","crash-2025-01-07","2025-01-07","2025-01-07","[""2025-01-07""]","2025-01-06","1616","true","1","losing","-0.0004063039102950583","1.3999098900113864","1.4003161939216815","36","3","false","1.25","0.41083548975849826","0.06677941824516354","97416.41759577073","96790.88474737316","0.006462724770315287","-0.03658316243604276","0.41083548975849826","0.45174741109621563","1.3281758461969553","0.10420453001549124","0.023550341194017443","0.27263125072053257","false","false","false","-0.03658316243604276","-0.03658316243604276","0.0001","0.00010296157894736845","0.0001","1","19","21","0.9047619047619048","partial"
"curve_aggressive","2025","crash-2025-01-07","2025-01-07","2025-01-07","[""2025-01-07""]","2025-01-06","1616","true","1","losing","-0.00033904941269247146","1.4522557251741064","1.4525947745867989","33","3","false","1.25","0.41083548975849826","0.06677941824516354","97416.41759577073","96790.88474737316","0.006462724770315287","-0.03658316243604276","0.41083548975849826","0.45174741109621563","1.3281758461969553","0.10420453001549124","0.023550341194017443","0.27263125072053257","false","false","false","-0.03658316243604276","-0.03658316243604276","0.0001","0.00010296157894736845","0.0001","1","19","21","0.9047619047619048","partial"
"curve_mild","2025","crash-2025-01-13","2025-01-13","2025-01-13","[""2025-01-13""]","2025-01-12","1622","true","1","profitable","0.0041390798871421275","1.3999098900113864","1.3957708101242443","5","2","false","1","0.286329333529755","0.06651634579765764","95868.62486654255","96087.57868818087","-0.002278690176478082","-0.10985622213402901","0.286329333529755","0.45343928360517094","1.3232201569073705","-0.039041883425675494","-0.0684779232213305","0.5920152462187122","false","false","false","-0.10985622213402901","-0.10985622213402901","0.0001","0.00003680571428571429","0.0001","0.7142857142857143","21","21","1","complete"
"curve_aggressive","2025","crash-2025-01-13","2025-01-13","2025-01-13","[""2025-01-13""]","2025-01-12","1622","true","1","profitable","0.007117345452605672","1.4522557251741064","1.4451383797215007","6","2","false","1","0.286329333529755","0.06651634579765764","95868.62486654255","96087.57868818087","-0.002278690176478082","-0.10985622213402901","0.286329333529755","0.45343928360517094","1.3232201569073705","-0.039041883425675494","-0.0684779232213305","0.5920152462187122","false","false","false","-0.10985622213402901","-0.10985622213402901","0.0001","0.00003680571428571429","0.0001","0.7142857142857143","21","21","1","complete"
"curve_mild","2025","crash-2025-02-03","2025-02-03","2025-02-04","[""2025-02-03"",""2025-02-04""]","2025-02-02","1643","true","2","profitable","0.00445808197729658","1.3999098900113864","1.3954518080340899","4","3","false","1.25","0.25426696987537567","0.0819545213707511","101659.72482270432","100659.39287927715","0.009937790352331","-0.07994473973189042","0.25426696987537567","0.4477511585752462","1.3400300334436048","-0.04791029892519327","-0.004717767563574893","0.3568207889474944","true","false","false","-0.07990175638024988","-0.07994473973189042","-0.00015958","0.0000362463157894737","0.00007749","0.7894736842105263","19","21","0.9047619047619048","partial"
"curve_aggressive","2025","crash-2025-02-03","2025-02-03","2025-02-04","[""2025-02-03"",""2025-02-04""]","2025-02-02","1643","true","2","profitable","0.01172805745722938","1.4522557251741064","1.440527667716877","3","3","false","1.25","0.25426696987537567","0.0819545213707511","101659.72482270432","100659.39287927715","0.009937790352331","-0.07994473973189042","0.25426696987537567","0.4477511585752462","1.3400300334436048","-0.04791029892519327","-0.004717767563574893","0.3568207889474944","true","false","false","-0.07990175638024988","-0.07994473973189042","-0.00015958","0.0000362463157894737","0.00007749","0.7894736842105263","19","21","0.9047619047619048","partial"
"curve_mild","2025","crash-2025-02-24","2025-02-24","2025-02-28","[""2025-02-24"",""2025-02-25"",""2025-02-26"",""2025-02-28""]","2025-02-23","1664","true","4","profitable","0.0035552557381486327","1.3999098900113864","1.3963546342732378","7","2","false","1","0.18348414632072063","0.07027121774110534","96993.07387881816","97749.91072379833","-0.007742583490625177","-0.09322645054086853","0.18348414632072063","0.3148343639151627","1.905764010442265","0.001409126020625484","-0.08188713986756735","0.24327699080822116","false","false","false","-0.08093984598391246","-0.09322645054086853","0.0001","0.00004634380952380954","0.00005847","0.7619047619047619","21","21","1","complete"
"curve_aggressive","2025","crash-2025-02-24","2025-02-24","2025-02-28","[""2025-02-24"",""2025-02-25"",""2025-02-26"",""2025-02-28""]","2025-02-23","1664","true","4","profitable","0.0076786468636895755","1.4522557251741064","1.4445770783104168","5","2","false","1","0.18348414632072063","0.07027121774110534","96993.07387881816","97749.91072379833","-0.007742583490625177","-0.09322645054086853","0.18348414632072063","0.3148343639151627","1.905764010442265","0.001409126020625484","-0.08188713986756735","0.24327699080822116","false","false","false","-0.08093984598391246","-0.09322645054086853","0.0001","0.00004634380952380954","0.00005847","0.7619047619047619","21","21","1","complete"
"curve_mild","2025","crash-2025-03-03","2025-03-03","2025-03-04","[""2025-03-03"",""2025-03-04""]","2025-03-02","1671","true","2","profitable","0.0011485972207216921","1.3999098900113864","1.3987612927906647","17","2","false","1","0.14544351133041267","0.061583693830257635","91412.63032901126","93998.23177243162","-0.027506915764969664","-0.11198520072307361","0.14544351133041267","0.5253271270445008","1.1421454730038596","-0.020687359256778337","-0.07947278250358825","0.9757608753875991","false","false","false","-0.07072848251219921","-0.11198520072307361","-0.00009118","0.00007299894736842108","0.0001","0.8947368421052632","19","21","0.9047619047619048","partial"
"curve_aggressive","2025","crash-2025-03-03","2025-03-03","2025-03-04","[""2025-03-03"",""2025-03-04""]","2025-03-02","1671","true","2","profitable","0.0027018243250640506","1.4522557251741064","1.4495539008490423","17","2","false","1","0.14544351133041267","0.061583693830257635","91412.63032901126","93998.23177243162","-0.027506915764969664","-0.11198520072307361","0.14544351133041267","0.5253271270445008","1.1421454730038596","-0.020687359256778337","-0.07947278250358825","0.9757608753875991","false","false","false","-0.07072848251219921","-0.11198520072307361","-0.00009118","0.00007299894736842108","0.0001","0.8947368421052632","19","21","0.9047619047619048","partial"
"curve_mild","2025","crash-2025-03-07","2025-03-07","2025-03-09","[""2025-03-07"",""2025-03-09""]","2025-03-06","1675","true","2","losing","-0.00038541713198769756","1.3999098900113864","1.4002953071433741","34","2","false","1","0.08471172299065377","0.05988241712288511","90299.95311381198","92735.55114760144","-0.026263908540456793","-0.15295960648208695","0.08471172299065377","0.58404448887096","1.0273189995506748","0.06250753328520409","-0.08063005545864066","1.0475195966535413","false","false","false","-0.08560746962217591","-0.15295960648208695","0.00002068","0.00003379157894736842","0.00004347","0.7894736842105263","19","21","0.9047619047619048","partial"
"curve_aggressive","2025","crash-2025-03-07","2025-03-07","2025-03-09","[""2025-03-07"",""2025-03-09""]","2025-03-06","1675","true","2","losing","-0.0005352496778106008","1.4522557251741064","1.452790974851917","37","2","false","1","0.08471172299065377","0.05988241712288511","90299.95311381198","92735.55114760144","-0.026263908540456793","-0.15295960648208695","0.08471172299065377","0.58404448887096","1.0273189995506748","0.06250753328520409","-0.08063005545864066","1.0475195966535413","false","false","false","-0.08560746962217591","-0.15295960648208695","0.00002068","0.00003379157894736842","0.00004347","0.7894736842105263","19","21","0.9047619047619048","partial"
"curve_mild","2025","crash-2025-04-06","2025-04-06","2025-04-07","[""2025-04-06"",""2025-04-07""]","2025-04-05","1705","true","2","profitable","0.004137271581085233","1.3999098900113864","1.3957726184303012","6","1","false","0.75","-0.036398842396120124","0.04528756129547973","84097.91507637087","85274.31691167342","-0.013795499957168333","-0.21345625251105627","-0.036398842396120124","0.5084232977876932","1.1801190122694716","0.01072596932575598","-0.07142120551974585","0.3620172378017999","false","false","false","-0.04592982132380685","-0.21341950658074205","0.0000501","0.00006502157894736844","0.0000761","0.8947368421052632","19","21","0.9047619047619048","partial"
"curve_aggressive","2025","crash-2025-04-06","2025-04-06","2025-04-07","[""2025-04-06"",""2025-04-07""]","2025-04-05","1705","true","2","profitable","0.007010547647329002","1.4522557251741064","1.4452451775267774","7","1","false","0.75","-0.036398842396120124","0.04528756129547973","84097.91507637087","85274.31691167342","-0.013795499957168333","-0.21345625251105627","-0.036398842396120124","0.5084232977876932","1.1801190122694716","0.01072596932575598","-0.07142120551974585","0.3620172378017999","false","false","false","-0.04592982132380685","-0.21341950658074205","0.0000501","0.00006502157894736844","0.0000761","0.8947368421052632","19","21","0.9047619047619048","partial"
"curve_mild","2025","crash-2025-04-10","2025-04-10","2025-04-10","[""2025-04-10""]","2025-04-09","1709","true","1","profitable","0.0011575822910552258","1.3999098900113864","1.3987523077203312","16","1","false","0.75","-0.050416890091779853","0.04341060279430642","82096.2267657603","83844.97102987414","-0.020856877194110668","-0.2219890359017085","-0.050416890091779853","0.5788187496982388","1.0365939256681023","0.0011761733406381314","0.051364122749332886","0.8641028066963996","false","false","false","-0.05628000743883832","-0.2219526886079164","0.0001","0.0000656761904761905","0.0001","0.9047619047619048","21","21","1","complete"
"curve_aggressive","2025","crash-2025-04-10","2025-04-10","2025-04-10","[""2025-04-10""]","2025-04-09","1709","true","1","profitable","0.002133342190181464","1.4522557251741064","1.450122382983925","20","1","false","0.75","-0.050416890091779853","0.04341060279430642","82096.2267657603","83844.97102987414","-0.020856877194110668","-0.2219890359017085","-0.050416890091779853","0.5788187496982388","1.0365939256681023","0.0011761733406381314","0.051364122749332886","0.8641028066963996","false","false","false","-0.05628000743883832","-0.2219526886079164","0.0001","0.0000656761904761905","0.0001","0.9047619047619048","21","21","1","complete"
"curve_mild","2025","crash-2025-08-14","2025-08-14","2025-08-14","[""2025-08-14""]","2025-08-13","1835","true","1","profitable","0.00017018338509489084","1.3999098900113864","1.3997397066262915","29","3","false","1.25","0.23376426292434838","0.029472457284677622","117924.66066352808","116578.3894837325","0.011548205338549833","0","0.23376426292434838","0.24260816257080992","2","0.07241449494902863","0.029093403063101375","0.2795164326837703","false","false","false","0","0","0.0001","0.00007063000000000002","0.0001","0.8571428571428571","21","21","1","complete"
"curve_aggressive","2025","crash-2025-08-14","2025-08-14","2025-08-14","[""2025-08-14""]","2025-08-13","1835","true","1","profitable","0.0011028830260764177","1.4522557251741064","1.45115284214803","24","3","false","1.25","0.23376426292434838","0.029472457284677622","117924.66066352808","116578.3894837325","0.011548205338549833","0","0.23376426292434838","0.24260816257080992","2","0.07241449494902863","0.029093403063101375","0.2795164326837703","false","false","false","0","0","0.0001","0.00007063000000000002","0.0001","0.8571428571428571","21","21","1","complete"
"curve_mild","2025","crash-2025-10-10","2025-10-10","2025-10-10","[""2025-10-10""]","2025-10-09","1892","true","3","profitable","0.008160489631228174","1.3999098900113864","1.3917494003801583","3","3","false","1.25","0.1430845085495338","0.044786424470299346","119521.4161762242","117325.93617138176","0.018712657034634095","-0.024168666935636463","0.1430845085495338","0.30286149912009086","1.981103579501492","0.008918305194752119","0.09105405008608236","0.3010315550371475","false","false","false","-0.024168666935636463","-0.024168666935636463","-0.00003548","0.00004646285714285715","0.0001","0.7619047619047619","21","21","1","complete"
"curve_aggressive","2025","crash-2025-10-10","2025-10-10","2025-10-10","[""2025-10-10""]","2025-10-09","1892","true","2","profitable","0.0024754942569760185","1.4522557251741064","1.4497802309171304","18","3","false","1.25","0.1430845085495338","0.044786424470299346","119521.4161762242","117325.93617138176","0.018712657034634095","-0.024168666935636463","0.1430845085495338","0.30286149912009086","1.981103579501492","0.008918305194752119","0.09105405008608236","0.3010315550371475","false","false","false","-0.024168666935636463","-0.024168666935636463","-0.00003548","0.00004646285714285715","0.0001","0.7619047619047619","21","21","1","complete"
"curve_mild","2025","crash-2025-11-04","2025-11-04","2025-11-04","[""2025-11-04""]","2025-11-03","1917","true","1","profitable","0.00020756490875717404","1.3999098900113864","1.3997023251026293","27","1","false","0.75","-0.030068894935441404","0.0412072931709091","110391.424714253","111631.06579879668","-0.011104803807732266","-0.1455454079974774","-0.030068894935441404","0.4219030265041234","1.422127745732433","-0.0661105281409865","-0.12979941798923134","0.3328836982356901","false","false","false","-0.1455454079974774","-0.1455454079974774","0.0001","0.00007259684210526317","0.00009464","0.9473684210526315","19","21","0.9047619047619048","partial"
"curve_aggressive","2025","crash-2025-11-04","2025-11-04","2025-11-04","[""2025-11-04""]","2025-11-03","1917","true","1","profitable","0.0004983500043560518","1.4522557251741064","1.4517573751697503","31","1","false","0.75","-0.030068894935441404","0.0412072931709091","110391.424714253","111631.06579879668","-0.011104803807732266","-0.1455454079974774","-0.030068894935441404","0.4219030265041234","1.422127745732433","-0.0661105281409865","-0.12979941798923134","0.3328836982356901","false","false","false","-0.1455454079974774","-0.1455454079974774","0.0001","0.00007259684210526317","0.00009464","0.9473684210526315","19","21","0.9047619047619048","partial"
"curve_mild","2025","crash-2025-11-14","2025-11-14","2025-11-14","[""2025-11-14""]","2025-11-13","1927","true","1","losing","-0.0004284457504755146","1.3999098900113864","1.400338335761862","38","1","false","0.75","-0.0981928493216202","0.03112095791113445","104619.18490578792","107264.18554373963","-0.02465874909266108","-0.20119869959034764","-0.0981928493216202","0.3816590282061687","1.5720838645427915","-0.01648026160276661","-0.11903527564253336","0.3917662013544099","true","false","false","-0.13043640309701499","-0.20119869959034764","0.00001784","0.00005526904761904763","0.0000591","0.9523809523809523","21","21","1","complete"
"curve_aggressive","2025","crash-2025-11-14","2025-11-14","2025-11-14","[""2025-11-14""]","2025-11-13","1927","true","1","losing","-0.0003923422492451145","1.4522557251741064","1.4526480674233515","35","1","false","0.75","-0.0981928493216202","0.03112095791113445","104619.18490578792","107264.18554373963","-0.02465874909266108","-0.20119869959034764","-0.0981928493216202","0.3816590282061687","1.5720838645427915","-0.01648026160276661","-0.11903527564253336","0.3917662013544099","true","false","false","-0.13043640309701499","-0.20119869959034764","0.00001784","0.00005526904761904763","0.0000591","0.9523809523809523","21","21","1","complete"
"curve_mild","2025","crash-2025-11-20","2025-11-20","2025-11-21","[""2025-11-20"",""2025-11-21""]","2025-11-19","1933","true","2","profitable","0.0025470746745781536","1.3999098900113864","1.3973628153368083","12","1","false","0.75","-0.17141770278198376","0.023222039773009184","98315.6001698451","102666.54547009969","-0.0423793873684174","-0.2664599589124963","-0.17141770278198376","0.4037239504312692","1.4861639973528031","-0.09992468111835928","-0.17274873748127628","0.40045587717343495","false","false","false","-0.20147887056105573","-0.2664599589124963","-0.00001835","0.00006178619047619048","0.00007709","0.8571428571428571","21","21","1","complete"
"curve_aggressive","2025","crash-2025-11-20","2025-11-20","2025-11-21","[""2025-11-20"",""2025-11-21""]","2025-11-19","1933","true","2","profitable","0.004445718968910883","1.4522557251741064","1.4478100062051955","14","1","false","0.75","-0.17141770278198376","0.023222039773009184","98315.6001698451","102666.54547009969","-0.0423793873684174","-0.2664599589124963","-0.17141770278198376","0.4037239504312692","1.4861639973528031","-0.09992468111835928","-0.17274873748127628","0.40045587717343495","false","false","false","-0.20147887056105573","-0.2664599589124963","-0.00001835","0.00006178619047619048","0.00007709","0.8571428571428571","21","21","1","complete"
"curve_mild","2025","crash-2025-12-01","2025-12-01","2025-12-01","[""2025-12-01""]","2025-11-30","1944","true","1","profitable","0.000593141065158953","1.3999098900113864","1.3993167489462275","25","1","false","0.75","-0.17635478433156104","0.0021543858159769336","91337.38606037945","95487.19353729794","-0.04345930928735009","-0.27531752781910945","-0.17635478433156104","0.44423117430506753","1.3506481190533492","0.040967257076983676","-0.17508121611829353","0.31001165014381393","true","false","false","-0.18231332100182884","-0.27531752781910945","0.00009403","-0.000004181578947368418","-0.0000034","0.47368421052631576","19","21","0.9047619047619048","partial"
"curve_aggressive","2025","crash-2025-12-01","2025-12-01","2025-12-01","[""2025-12-01""]","2025-11-30","1944","true","1","profitable","0.0005607322035712237","1.4522557251741064","1.4516949929705352","28","1","false","0.75","-0.17635478433156104","0.0021543858159769336","91337.38606037945","95487.19353729794","-0.04345930928735009","-0.27531752781910945","-0.17635478433156104","0.44423117430506753","1.3506481190533492","0.040967257076983676","-0.17508121611829353","0.31001165014381393","true","false","false","-0.18231332100182884","-0.27531752781910945","0.00009403","-0.000004181578947368418","-0.0000034","0.47368421052631576","19","21","0.9047619047619048","partial"
"curve_mild","2026","crash-2026-01-20","2026-01-20","2026-01-20","[""2026-01-20""]","2026-01-19","1994","true","1","profitable","0.00010774823056847183","1.3999098900113864","1.399802141780818","31","1","true","0","-0.1246061609080571","-0.021200167503269918","93034.14611487105","91972.9450341422","0.011538187456484161","-0.2578424874187538","-0.1246061609080571","0.26244501084580313","2","0.014840182956684655","0.04784682223961845","0.42125508493889335","true","true","false","-0.045358993968160566","-0.19209801514123503","0.0001","0.000006083333333333334","0.00000694","0.6190476190476191","21","21","1","complete"
"curve_aggressive","2026","crash-2026-01-20","2026-01-20","2026-01-20","[""2026-01-20""]","2026-01-19","1994","true","1","profitable","0.0005454994292821702","1.4522557251741064","1.4517102257448242","29","1","true","0","-0.1246061609080571","-0.021200167503269918","93034.14611487105","91972.9450341422","0.011538187456484161","-0.2578424874187538","-0.1246061609080571","0.26244501084580313","2","0.014840182956684655","0.04784682223961845","0.42125508493889335","true","true","false","-0.045358993968160566","-0.19209801514123503","0.0001","0.000006083333333333334","0.00000694","0.6190476190476191","21","21","1","complete"
"curve_mild","2026","crash-2026-01-29","2026-01-29","2026-01-31","[""2026-01-29"",""2026-01-31""]","2026-01-28","2003","true","3","profitable","0.0009476739433484926","1.3999098900113864","1.398962216068038","18","0","true","0","-0.14832152210995986","-0.023168703495559884","90028.26994136485","90517.15405385505","-0.005401010643787174","-0.28498871278716176","-0.14832152210995986","0.33184446033813997","1.808075986528801","-0.002224902491930636","0.0233317050027686","0.2804178472359945","false","false","false","-0.08027732256599585","-0.1932256852745634","0.00006476","0.00008598857142857144","0.0001","1","21","21","1","complete"
"curve_aggressive","2026","crash-2026-01-29","2026-01-29","2026-01-31","[""2026-01-29"",""2026-01-31""]","2026-01-28","2003","true","3","profitable","0.005315114716754499","1.4522557251741064","1.446940610457352","11","0","true","0","-0.14832152210995986","-0.023168703495559884","90028.26994136485","90517.15405385505","-0.005401010643787174","-0.28498871278716176","-0.14832152210995986","0.33184446033813997","1.808075986528801","-0.002224902491930636","0.0233317050027686","0.2804178472359945","false","false","false","-0.08027732256599585","-0.1932256852745634","0.00006476","0.00008598857142857144","0.0001","1","21","21","1","complete"
"curve_mild","2026","crash-2026-02-03","2026-02-03","2026-02-05","[""2026-02-03"",""2026-02-04"",""2026-02-05""]","2026-02-02","2008","true","4","losing","-0.008510794986611225","1.3999098900113864","1.4084206849979977","42","0","true","0","-0.24165148635711187","-0.02833949760379495","85185.9042137397","87627.15469254245","-0.02785952011529258","-0.36917584343978804","-0.24165148635711187","0.440778649909584","1.3612274553748842","-0.108528809247176","-0.13167137743857782","0.6216254526683812","false","false","false","-0.18856765950758803","-0.25772705144681884","-0.00012052","0.0000054026315789473705","0.00002335","0.5789473684210527","19","21","0.9047619047619048","partial"
"curve_aggressive","2026","crash-2026-02-03","2026-02-03","2026-02-05","[""2026-02-03"",""2026-02-04"",""2026-02-05""]","2026-02-02","2008","true","4","losing","-0.021127760544634056","1.4522557251741064","1.4733834857187404","42","0","true","0","-0.24165148635711187","-0.02833949760379495","85185.9042137397","87627.15469254245","-0.02785952011529258","-0.36917584343978804","-0.24165148635711187","0.440778649909584","1.3612274553748842","-0.108528809247176","-0.13167137743857782","0.6216254526683812","false","false","false","-0.18856765950758803","-0.25772705144681884","-0.00012052","0.0000054026315789473705","0.00002335","0.5789473684210527","19","21","0.9047619047619048","partial"
"curve_mild","2026","crash-2026-02-23","2026-02-23","2026-02-23","[""2026-02-23""]","2026-02-22","2028","true","1","profitable","0.0001902741679318254","1.3999098900113864","1.3997196158434546","28","0","true","0","-0.3165615881068665","-0.06090330869329208","69247.381764619","73419.56911776128","-0.05682663904565144","-0.45785445097891186","-0.3165615881068665","0.7865519730091683","0.7628230817405961","-0.017018915441860627","-0.2444729560774166","0.2371818515285467","false","false","false","-0.24176644660476942","-0.30263540615103957","0.0000733","0.000027884761904761903","0.00003064","0.8095238095238095","21","21","1","complete"
"curve_aggressive","2026","crash-2026-02-23","2026-02-23","2026-02-23","[""2026-02-23""]","2026-02-22","2028","true","1","profitable","0.0007470870663286444","1.4522557251741064","1.4515086381077777","26","0","true","0","-0.3165615881068665","-0.06090330869329208","69247.381764619","73419.56911776128","-0.05682663904565144","-0.45785445097891186","-0.3165615881068665","0.7865519730091683","0.7628230817405961","-0.017018915441860627","-0.2444729560774166","0.2371818515285467","false","false","false","-0.24176644660476942","-0.30263540615103957","0.0000733","0.000027884761904761903","0.00003064","0.8095238095238095","21","21","1","complete"
"curve_mild","2026","crash-2026-06-02","2026-06-02","2026-06-02","[""2026-06-02""]","2026-06-01","2127","true","1","losing","-0.0013302234658039147","1.3999098900113864","1.4012401134771904","40","0","true","0","-0.10170563858900472","-0.05323982723669729","75084.4246831201","76083.96319135893","-0.013137308656291813","-0.42820948312602214","-0.10170563858900472","0.26791354879369544","2","-0.0768464793108492","-0.0936820274161696","0.2392834288520282","false","false","false","-0.13250142496515016","-0.13250142496515016","0.0001","0.00009140052631578949","0.0001","1","19","21","0.9047619047619048","partial"
"curve_aggressive","2026","crash-2026-06-02","2026-06-02","2026-06-02","[""2026-06-02""]","2026-06-01","2127","true","1","losing","-0.002616585364989321","1.4522557251741064","1.4548723105390957","40","0","true","0","-0.10170563858900472","-0.05323982723669729","75084.4246831201","76083.96319135893","-0.013137308656291813","-0.42820948312602214","-0.10170563858900472","0.26791354879369544","2","-0.0768464793108492","-0.0936820274161696","0.2392834288520282","false","false","false","-0.13250142496515016","-0.13250142496515016","0.0001","0.00009140052631578949","0.0001","1","19","21","0.9047619047619048","partial"
"curve_mild","2026","crash-2026-06-05","2026-06-05","2026-06-05","[""2026-06-05""]","2026-06-04","2130","true","1","profitable","0.0002815671553375587","1.3999098900113864","1.3996283228560489","26","0","true","0","-0.1915858381012332","-0.05372969289982099","71662.6109555812","74034.0566427307","-0.032031821497955915","-0.4883289633457598","-0.1915858381012332","0.3473054307735416","1.7275860002063324","-0.1319691029921669","-0.21123358529868108","0.49740251456470147","true","true","false","-0.2237123875176349","-0.2237123875176349","0.00001291","0.00008261368421052633","0.0001","1","19","21","0.9047619047619048","partial"
"curve_aggressive","2026","crash-2026-06-05","2026-06-05","2026-06-05","[""2026-06-05""]","2026-06-04","2130","true","1","profitable","0.0006366791896801338","1.4522557251741064","1.4516190459844263","27","0","true","0","-0.1915858381012332","-0.05372969289982099","71662.6109555812","74034.0566427307","-0.032031821497955915","-0.4883289633457598","-0.1915858381012332","0.3473054307735416","1.7275860002063324","-0.1319691029921669","-0.21123358529868108","0.49740251456470147","true","true","false","-0.2237123875176349","-0.2237123875176349","0.00001291","0.00008261368421052633","0.0001","1","19","21","0.9047619047619048","partial"
"curve_mild","2026","crash-2026-06-24","2026-06-24","2026-06-24","[""2026-06-24""]","2026-06-23","2149","true","1","profitable","0.0015989809117240572","1.3999098900113864","1.3983109090996624","15","0","true","0","-0.1805474416546844","-0.05060183686739539","64323.71359685821","66557.68493992697","-0.03356443880349924","-0.49764871670513633","-0.1805474416546844","0.42338748400415466","1.4171415610247757","-0.045155195183064545","-0.18604100077699082","0.31480846274113267","false","false","false","-0.18895584639684415","-0.23785195877729126","0.00009307","0.000040847619047619044","0.00004883","0.8095238095238095","21","21","1","complete"
"curve_aggressive","2026","crash-2026-06-24","2026-06-24","2026-06-24","[""2026-06-24""]","2026-06-23","2149","true","1","profitable","0.0033045608528234904","1.4522557251741064","1.448951164321283","16","0","true","0","-0.1805474416546844","-0.05060183686739539","64323.71359685821","66557.68493992697","-0.03356443880349924","-0.49764871670513633","-0.1805474416546844","0.42338748400415466","1.4171415610247757","-0.045155195183064545","-0.18604100077699082","0.31480846274113267","false","false","false","-0.18895584639684415","-0.23785195877729126","0.00009307","0.000040847619047619044","0.00004883","0.8095238095238095","21","21","1","complete"
